Structure-ID,Class,SMILES
L0001,BiOx,C1(C2=N[C@@H](CC3=CC=CC=C3)CO2)=N[C@@H](CC4=CC=CC=C4)CO1
L0002,BiOx,CC([C@H]1COC(C2=N[C@@H](C(C)C)CO2)=N1)C
L0003,BiOx,CCCC(CCC)[C@H]1COC(C2=N[C@@H](C(CCC)CCC)CO2)=N1
L0004,BiIm,CC([C@H]1CN2C(C3=N[C@@H](C(C)C)CN3CCC2)=N1)C
L0005,BiIm,CC1(C)CN2C(C3=N[C@@H](C(C)C)CN3C1)=N[C@@H](C(C)C)C2
L0006,BiIm,CC([C@H]1CN(C2=CC=CC(C(C)(C)C)=C2)C(C3=N[C@@H](C(C)C)CN3C4=CC(C(C)(C)C)=CC=C4)=N1)C
L0007,BiIm,CC([C@H]1CN(C2=CC=CC=C2)C(C3=N[C@@H](C(C)C)CN3C4=CC=CC=C4)=N1)C
L0008,BiIm,CC([C@H]1CN(C2=CC=CC(C(F)(F)F)=C2)C(C3=N[C@@H](C(C)C)CN3C4=CC(C(F)(F)F)=CC=C4)=N1)C
L0009,BiOx,C[C@H]1COC(C2=N[C@@H](C)CO2)=N1
L0010,BiOx,CCCCCC[C@H]1COC(C2=N[C@@H](CCCCCC)CO2)=N1
L0011,BiOx,CC(C)C[C@H]1COC(C2=N[C@@H](CC(C)C)CO2)=N1
L0012,BiOx,C[C@@H](CC)[C@H]1COC(C2=N[C@@H]([C@@H](C)CC)CO2)=N1
L0013,BiOx,C1(C2=N[C@@H](C3CC3)CO2)=N[C@@H](C4CC4)CO1
L0014,BiOx,C1(C2=N[C@@H](C3CCCCC3)CO2)=N[C@@H](C4CCCCC4)CO1
L0015,BiOx,C1(C2=N[C@@H](C3=CC=CC=C3)CO2)=N[C@@H](C4=CC=CC=C4)CO1
L0016,BiOx,COC(C=C1)=CC=C1C[C@H]2COC(C3=N[C@@H](CC4=CC=C(OC)C=C4)CO3)=N2
L0017,BiOx,CC(C=C1)=CC=C1C[C@H]2COC(C3=N[C@@H](CC4=CC=C(C)C=C4)CO3)=N2
L0018,BiOx,O=[N+](C(C=C1)=CC=C1C[C@H]2COC(C3=N[C@@H](CC4=CC=C([N+]([O-])=O)C=C4)CO3)=N2)[O-]
L0019,BiOx,CC(OC(C=C1)=CC=C1C[C@H]2COC(C3=N[C@@H](CC4=CC=C(OC(C)(C)C)C=C4)CO3)=N2)(C)C
L0020,BiOx,COC(C=CC=C1)=C1C[C@H]2COC(C3=N[C@@H](CC4=CC=CC=C4OC)CO3)=N2
L0021,BiOx,COC1=CC(OC)=CC(C[C@H]2COC(C3=N[C@@H](CC4=CC(OC)=CC(OC)=C4)CO3)=N2)=C1
L0022,BiOx,C1(C2=N[C@@H](CC3=CC=C(C=CC=C4)C4=C3)CO2)=N[C@@H](CC5=CC(C=CC=C6)=C6C=C5)CO1
L0023,BiOx,C1(C2=N[C@@H](CC3=CNC4=C3C=CC=C4)CO2)=N[C@@H](CC5=CNC6=C5C=CC=C6)CO1
L0024,BiOx,C1(C2=N[C@@H](CC3=CSC4=C3C=CC=C4)CO2)=N[C@@H](CC5=CSC6=C5C=CC=C6)CO1
L0025,BiOx,C1(C2=N[C@@H](C(C3=CC=CC=C3)C4=CC=CC=C4)CO2)=N[C@@H](C(C5=CC=CC=C5)C6=CC=CC=C6)CO1
L0026,BiIm,CC([C@H]1CN(C2=CC=C(C(C)(C)C)C=C2)C(C3=N[C@@H](C(C)C)CN3C4=CC=C(C(C)(C)C)C=C4)=N1)C
L0027,BiIm,CC([C@H]1CN(C2=CC=C(C(F)(F)F)C=C2)C(C3=N[C@@H](C(C)C)CN3C4=CC=C(C(F)(F)F)C=C4)=N1)C
L0028,BiIm,CC([C@H]1CN2C(C3=N[C@@H](C(C)C)CN3CC2)=N1)C
L0029,BiIm,CC([C@H]1CN2C(C3=N[C@@H](C(C)C)CN3[C@@H](C4=CC=CC=C4)[C@@H]2C5=CC=CC=C5)=N1)C
L0030,BiIm,CC(C1=CC=CC(N2C[C@H](CC(C)C)N=C2C3=N[C@@H](CC(C)C)CN3C4=CC=CC(C(C)(C)C)=C4)=C1)(C)C
L0031,BiIm,C[C@H](CC)[C@H]1CN(C2=CC=CC(C(C)(C)C)=C2)C(C3=N[C@@H]([C@H](C)CC)CN3C4=CC(C(C)(C)C)=CC=C4)=N1
L0032,BiIm,CC(C1=CC=CC(N2C[C@H](C3CCCC3)N=C2C4=N[C@@H](C5CCCC5)CN4C6=CC=CC(C(C)(C)C)=C6)=C1)(C)C
L0033,BiIm,CC1(C)CN2C(C3=N[C@@H](C4CCCC4)CN3C1)=N[C@@H](C5CCCC5)C2
L0034,BiIm,C12=N[C@@H](C3CCCC3)CN1CCCN4C[C@H](C5CCCC5)N=C24
L0035,BiOx,[H][C@@]12[C@@](CC3=C2C=CC=C3)([H])OC(C4=N[C@@](C(C=CC=C5)=C5C6)([H])[C@@]6([H])O4)=N1
L0036,BiOx,O=C([C@H]1COC(C2=N[C@@H](C(OC)=O)CO2)=N1)OC
L0037,BiOx,O=C([C@H]1COC(C2=N[C@@H](C(OC(C)C)=O)CO2)=N1)OC(C)C
L0038,BiOx,C1(C2=N[C@@H](C3CCCC3)CO2)=N[C@@H](C4CCCC4)CO1
L0039,BiIm,CC([C@H]1CN(C2=CC=CC=C2)C(C3=N[C@@H](C(C)(C)C)CN3C4=CC=CC=C4)=N1)(C)C
L0040,BiIm,C[C@@H](CC)[C@H]1CN(C2=CC=CC=C2)C(C3=N[C@@H]([C@@H](C)CC)CN3C4=CC=CC=C4)=N1
L0041,BiIm,CC(C[C@H]1CN(C2=CC=CC=C2)C(C3=N[C@@H](CC(C)C)CN3C4=CC=CC=C4)=N1)C
L0042,BiOx,CCC(CC)[C@@H](CO1)N=C1C2=N[C@@H](C(CC)CC)CO2
L0043,BiOx,C1(C2=N[C@@H](CCC3=CC=CC=C3)CO2)=N[C@@H](CCC4=CC=CC=C4)CO1
L0044,BiOx,FC(C=C1)=CC=C1C[C@H]2COC(C3=N[C@@H](CC4=CC=C(F)C=C4)CO3)=N2
L0045,BiOx,CC(C[C@H]1COC(C2=N[C@@H](CC(C)(C)C)CO2)=N1)(C)C
L0046,BiOx,CC(OC[C@H]1COC(C2=N[C@@H](COC(C)(C)C)CO2)=N1)(C)C
L0047,BiOx,O=C(OC1CCCC1)[C@H]2COC(C3=N[C@@H](C(OC4CCCC4)=O)CO3)=N2
L0048,BiOx,O=C([C@H]1COC(C2=N[C@H](CO2)C(OC3[C@@H](C4)C[C@H]5C[C@@H]4C[C@@H]3C5)=O)=N1)OC6[C@@H]7C[C@H](C[C@H]6C8)C[C@H]8C7
L0049,BiOx,COC[C@H]1[C@H](C2=CC=CC=C2)OC(C3=N[C@@H](COC)[C@H](C4=CC=CC=C4)O3)=N1
L0050,BiOx,C1(C2=N[C@@H](COCC3=CC=CC=C3)CO2)=N[C@@H](COCC4=CC=CC=C4)CO1
L0051,BiOx,C1(C2=N[C@@H](C3=CC4=C(C=CC=C4)N3)CO2)=N[C@@H](C5=CC(C=CC=C6)=C6N5)CO1
L0052,BiOx,O=C([C@H]1COC(C2=N[C@@H](C(OCC3=CC=CC=C3)=O)CO2)=N1)OCC4=CC=CC=C4
L0053,BiOx,C[C@H]1[C@@H](C2=CC=CC=C2)OC(C3=N[C@@H](C)[C@@H](C4=CC=CC=C4)O3)=N1
L0054,BiOx,C1(C2=N[C@@H](CCCC3=CC=CC=C3)CO2)=N[C@@H](CCCC4=CC=CC=C4)CO1
L0055,BOX,CC(C1=N[C@H](C2=CC=CC=C2)CO1)(C)C3=N[C@H](C4=CC=CC=C4)CO3
L0056,BOX,CC(C1=N[C@H](C(C)C)CO1)(C)C2=N[C@H](C(C)C)CO2
L0057,BOX,CC(C1=N[C@H](CC2=CC=CC=C2)CO1)(C)C3=N[C@H](CC4=CC=CC=C4)CO3
L0058,BOX,CC(C1=N[C@H](C(C=CC=C2)=C2C3)[C@H]3O1)(C)C4=N[C@H]5[C@H](CC6=C5C=CC=C6)O4
L0059,BOX,C1(CC2=N[C@H](C(C=CC=C3)=C3C4)[C@H]4O2)=N[C@H]5[C@H](CC6=C5C=CC=C6)O1
L0060,BOX,C1(C2(CC2)C3=N[C@H](C(C=CC=C4)=C4C5)[C@H]5O3)=N[C@H]6[C@H](CC7=C6C=CC=C7)O1
L0061,BOX,C1(CC2=N[C@H](CC3=CC=CC=C3)CO2)=N[C@H](CC4=CC=CC=C4)CO1
L0062,BOX,C1(C2(CC2)C3=N[C@H](CC4=CC=CC=C4)CO3)=N[C@H](CC5=CC=CC=C5)CO1
L0063,BOX,C1(C2(CCCC2)C3=N[C@H](C(C=CC=C4)=C4C5)[C@H]5O3)=N[C@H]6[C@H](CC7=C6C=CC=C7)O1
L0064,PyOx,C[C@@H](CC)[C@@H](CO1)N=C1C2=NC(C)=CC=C2
L0065,BiIm,C[C@H](CC)[C@H]1CN(C2=CC=C(C)C=C2)C(C3=N[C@@H]([C@H](C)CC)CN3C4=CC=C(C)C=C4)=N1
L0066,BiIm,C[C@H](CC)[C@H]1CN(C2=CC(C(C)(C)C)=CC(C(C)(C)C)=C2)C(C3=N[C@@H]([C@H](C)CC)CN3C4=CC(C(C)(C)C)=CC(C(C)(C)C)=C4)=N1
L0067,BOX,C[C@H](CC)[C@H]1COC(C(C)(C)C2=N[C@@H]([C@H](C)CC)CO2)=N1
L0068,BOX,CC(C1=N[C@H](C2=CC=CC=C2)[C@H](C3=CC=CC=C3)O1)(C)C4=N[C@H](C5=CC=CC=C5)[C@H](C6=CC=CC=C6)O4
L0069,PyOx,C1(C=CC=C2)=C2N=C(C3=N[C@@H](C4=CC=CC=C4)CO3)C=C1
L0070,PyOx,ClC1=CC(C2=N[C@@H](C(C)C)CO2)=NC=C1
L0071,BiIm,CC([C@H]1CN(C2=CC=C(OC)C=C2)C(C3=N[C@@H](C(C)C)CN3C4=CC=C(OC)C=C4)=N1)C
L0072,BiIm,CC(C=C1)=CC=C1N2C(C3=N[C@@H](C4CCCCC4)CN3C5=CC=C(C)C=C5)=N[C@@H](C6CCCCC6)C2
L0073,BiOx,CC([C@H]1COC(C2=N[C@@H](C(C)(C)C)CO2)=N1)(C)C
L0074,BOX,N#C/C(C1=N[C@@H](C2=CC=CC=C2)CO1)=C3N[C@@H](C4=CC=CC=C4)CO/3
L0075,BOX,CC(C1=N[C@H](C2=CC=CC=C2)C(C3=CC=CC=C3)(C4=CC=CC=C4)O1)(C)C5=N[C@H](C6=CC=CC=C6)C(C7=CC=CC=C7)(C8=CC=CC=C8)O5
L0076,PyOx,CC([C@@H](CO1)N=C1C2=NC(OCC3=CC=CC=C3)=CC=C2)(C)C
L0077,BiOx,C1(C2=N[C@@H](CC3=CC4=C(C=CC=C4)N3)CO2)=N[C@@H](CC5=CC(C=CC=C6)=C6N5)CO1
L0078,BiOx,O=C(OCC1=CC=CC=C1)[C@H]2COC(C3=N[C@@H](C(OCC4=CC=CC=C4)=O)CO3)=N2
L0079,PyOx,C1(C2=N[C@@H](CC3=CC=CC=C3)CO2)=CC=CC=N1
L0080,PyOx,FC(C1=CC=C(C2=N[C@@H](CC3=CC=CC4=C3C=CC=C4)CO2)N=C1)(F)F
L0081,PyOx,FC(C1=CC=C(C2=N[C@@H](CC3=CC=CC=C3)CO2)N=C1)(F)F
L0082,PyOx,FC(C1=CC=C(C2=N[C@@H](CC3=CC=C(OC)C=C3)CO2)N=C1)(F)F
L0083,PyOx,FC(C1=CC=C(C2=N[C@@H](CC3=CC=C([N+]([O-])=O)C=C3)CO2)N=C1)(F)F
L0084,Bpy,CN(C1=CC=NC(C2=NC=CC(N(C)C)=C2)=C1)C
L0085,Bpy,COC1=CC=NC(C2=NC=CC(OC)=C2)=C1
L0086,Bpy,CC(C1=CC=NC(C2=NC=CC(C(C)(C)C)=C2)=C1)(C)C
L0087,Bpy,FC1=CC=NC(C2=NC=CC(F)=C2)=C1
L0088,Bpy,O=C(C1=CC=NC(C2=NC=CC(C(OCC)=O)=C2)=C1)OCC
L0089,Bpy,FC(C1=CC=NC(C2=NC=CC(C(F)(F)F)=C2)=C1)(F)F
L0090,PyOx,CC([C@H](CO1)N=C1C2=CC=CC=N2)C
L0091,PyOx,C1(C2=N[C@@H](C3=CC=CC=C3)CO2)=CC=CC=N1
L0092,BOX,C1(C2(CCCCC2)C3=N[C@@H](CC4=CC=CC=C4)CO3)=N[C@@H](CC5=CC=CC=C5)CO1
L0093,BiOx,CC1(C)OC(C2=N[C@@H](CC3=CC=CC=C3)C(C)(C)O2)=N[C@H]1CC4=CC=CC=C4
L0094,BiOx,CC(C(C=C1)=CC=C1C[C@H]2COC(C3=N[C@@H](CC4=CC=C(C(C)(C)C)C=C4)CO3)=N2)(C)C
L0095,BiOx,C1(C2=N[C@@H](CC3=CC=C(C4=CC=CC=C4)C=C3)CO2)=N[C@@H](CC5=CC=C(C6=CC=CC=C6)C=C5)CO1
L0096,BiOx,CC(C=CC=C1)=C1C[C@H]2COC(C3=N[C@@H](CC4=CC=CC=C4C)CO3)=N2
L0097,BiOx,C[C@@]1(CC2=CC=CC=C2)COC(C3=N[C@@](CC4=CC=CC=C4)(C)CO3)=N1
L0098,BiIm,CC([C@H]1CN(C(C)C)C(C2=N[C@@H](C(C)C)CN2C(C)C)=N1)C
L0099,BOX,CC([C@H]1COC(C2(CCCC2)C3=N[C@@H](C(C)(C)C)CO3)=N1)(C)C
L0100,BOX,C1(C2(CCCC2)C3=N[C@@H](CC4=CC=CC=C4)CO3)=N[C@@H](CC5=CC=CC=C5)CO1
L0101,BiIm,CC([C@H]1CN(C2CCCCC2)C(C3=N[C@@H](C(C)C)CN3C4CCCCC4)=N1)C
L0102,PyOx,CC([C@@H](CO1)N=C1C2=CC=C(C(F)(F)F)C=N2)(C)C
L0103,PyOx,FC(C(C=N1)=CC=C1C2=N[C@@H](C3=CC=CC=C3)[C@@H](C4=CC=CC=C4)O2)(F)F
L0104,PyOx,CC1=NC(C2=N[C@@H](C(C)C)CO2)=CC=C1
L0105,PyIm,CC([C@@H](CN1C2=CC(C(F)(F)F)=CC(C(F)(F)F)=C2)N=C1C3=CC=CC4=C3N=CC=C4)(C)C
L0106,BOX,C1(C2(CCCC2)C3=N[C@@H](C4=CC=CC=C4)CO3)=N[C@@H](C5=CC=CC=C5)CO1
L0107,BOX,CC([C@@H]1COC(C(C)(C)C2=N[C@H](C(C)(C)C)CO2)=N1)(C)C
L0108,BOX,CC(C)C[C@H]1COC(C(C)(C)C2=N[C@@H](CC(C)C)CO2)=N1
L0109,BOX,CC(C(C=C1)=CC=C1CC(C2=N[C@@H](C3=CC=CC=C3)CO2)(CC4=CC=C(C(C)(C)C)C=C4)C5=N[C@@H](C6=CC=CC=C6)CO5)(C)C
L0110,Bpy,CC1=NC(C2=NC(C)=CC=C2)=CC=C1
L0111,Phen,CC1=NC(C2=NC(C)=CC=C2C=C3)=C3C=C1
L0112,Phen,CC1=NC(C2=NC(C)=CC(C3=CC=CC=C3)=C2C=C4)=C4C(C5=CC=CC=C5)=C1
L0113,PyOx,CC([C@@H](CO1)N=C1C2=CC=CC=N2)(C)C
L0114,PyOx,C[C@@H](CC)[C@@H](CO1)N=C1C2=CC=CC=N2
L0115,PyOx,C1(C2=N[C@@H](C3CCCCC3)CO2)=CC=CC=N1
L0116,PyOx,C1(C2=N[C@@H](C(C=CC=C3)=C3C4)[C@@H]4O2)=CC=CC=N1
L0117,PyOx,CC([C@@H](CO1)N=C1C2=CC=C(OC)C=N2)C
L0118,PyIm,CC([C@@H](CN1C2=CC=CC=C2)N=C1C3=CC=C(OC)C=N3)C
L0119,PyIm,CC([C@@H](CN1C2=CC=CC=C2)N=C1C3=CC(OC)=CC=N3)C
L0120,PyIm,CC([C@@H](CN1C2=CC=C(C(F)(F)F)C=C2)N=C1C3=CC=C(OC)C=N3)C
L0121,PyIm,CC([C@@H](CN1C2=CC=C(OC)C=C2)N=C1C3=CC=C(OC)C=N3)C
L0122,PyIm,COC(C=N1)=CC=C1C2=N[C@@H](C(CC(C)C)CC(C)C)CN2C3=CC=CC=C3
L0123,PyIm,COC(C=N1)=CC=C1C2=N[C@@H](C(CCC)CCC)CN2C3=CC=CC=C3
L0124,BiIm,CC([C@H]1CN(C2=CC=C(C)C=C2)C(C3=N[C@@H](C(C)C)CN3C4=CC=C(C)C=C4)=N1)C
L0125,BiIm,CC[C@H]1CN(C2=CC=C(C)C=C2)C(C3=N[C@@H](CC)CN3C4=CC=C(C)C=C4)=N1
L0126,BiIm,CC([C@H]1CN(C2=CC=CC(C)=C2)C(C3=N[C@@H](C(C)C)CN3C4=CC(C)=CC=C4)=N1)C
L0127,BiIm,CC([C@H]1CN(C2=CC=C(C)C=C2)C(C3=N[C@@H](C(C)(C)C)CN3C4=CC=C(C)C=C4)=N1)(C)C
L0128,BiOx,CC[C@H]1COC(C2=N[C@@H](CC)CO2)=N1
L0129,BiOx,CCC[C@H]1COC(C2=N[C@@H](CCC)CO2)=N1
L0130,BiOx,C[Si](OC[C@@H](CO1)N=C1C2=N[C@@H](CO[Si](C)(C)C(C)(C)C)CO2)(C)C(C)(C)C
L0131,PyIm,CC([C@@H](CN1C2=CC=CC=C2)N=C1C3=CC=CC=N3)C
L0132,PyOx,C1(C2=CC=CC=C2)=NC(C3=N[C@@H](CC4=CC=CC=C4)CO3)=CC=C1
L0133,PyOx,C12=CC=NC(C3=N[C@@H](CC4=CC=CC=C4)CO3)=C1C=CC=C2
L0134,BOX,C1(CC2=N[C@@H](C3=CC=CC=C3)CO2)=N[C@@H](C4=CC=CC=C4)CO1
L0135,BOX,C1(C2(CC2)C3=N[C@@H](C4=CC=CC=C4)CO3)=N[C@@H](C5=CC=CC=C5)CO1
L0136,BOX,CC(C(C=C1)=CC=C1C(C2=N[C@@H](C3=CC=CC=C3)CO2)(C4=CC=C(C(C)(C)C)C=C4)C5=N[C@@H](C6=CC=CC=C6)CO5)(C)C
L0137,BOX,C1(CC2=N[C@H](C3=CC=CC=C3)[C@H](C4=CC=CC=C4)O2)=N[C@H](C5=CC=CC=C5)[C@H](C6=CC=CC=C6)O1
L0138,BOX,CC(C(C=C1)=CC=C1[C@H]2COC(CC3=N[C@@H](C4=CC=C(C(C)(C)C)C=C4)CO3)=N2)(C)C
L0139,BOX,C1(C2(CCCC2)C3=N[C@H](C4=CC=CC=C4)[C@H](C5=CC=CC=C5)O3)=N[C@H](C6=CC=CC=C6)[C@H](C7=CC=CC=C7)O1
L0140,BOX,COC1=CC(CC(C2=N[C@H](C3=CC=CC=C3)[C@H](C4=CC=CC=C4)O2)(CC5=CC(OC)=CC(OC)=C5)C6=N[C@H](C7=CC=CC=C7)[C@H](C8=CC=CC=C8)O6)=CC(OC)=C1
L0141,PyOx,CC([C@@H](CO1)N=C1C2=CC=C(C=CC=C3)C3=N2)(C)C
L0142,BOX,CC1=CC(CC(C2=N[C@H](C3=CC=CC=C3)[C@H](C4=CC=CC=C4)O2)(CC5=CC(C)=CC(C)=C5)C6=N[C@H](C7=CC=CC=C7)[C@H](C8=CC=CC=C8)O6)=CC(C)=C1
L0143,BiIm,CC([C@H]1CN(C2=CC=CC(C(C)C)=C2)C(C3=N[C@@H](C(C)C)CN3C4=CC(C(C)C)=CC=C4)=N1)C
L0144,BiIm,C[C@H](CC)[C@H]1CN(C2=CC=C(C(C)(C)C)C=C2)C(C3=N[C@@H]([C@H](C)CC)CN3C4=CC=C(C(C)(C)C)C=C4)=N1
L0145,BiOx,C1(C2=N[C@@H](C3=CC=CC=C3)[C@@H](C4=CC=CC=C4)O2)=N[C@@H](C5=CC=CC=C5)[C@@H](C6=CC=CC=C6)O1
L0146,BiOx,CCCCCCCCCC[C@H]1COC(C2=N[C@@H](CCCCCCCCCC)CO2)=N1
L0147,BiOx,C[C@@H](CCCCC)[C@H]1COC(C2=N[C@@H]([C@@H](C)CCCCC)CO2)=N1
L0148,BiOx,CC(SC[C@H]1COC(C2=N[C@@H](CSC(C)(C)C)CO2)=N1)(C)C
L0149,BiOx,C1(C2=N[C@@H](CC3CC3)CO2)=N[C@@H](CC4CC4)CO1
L0150,BiOx,OC(C=C1)=CC=C1C[C@H]2COC(C3=N[C@@H](CC4=CC=C(O)C=C4)CO3)=N2
L0151,BiOx,FC(C(C=C1)=CC=C1C[C@H]2COC(C3=N[C@@H](CC4=CC=C(C(F)(F)F)C=C4)CO3)=N2)(F)F
L0152,BiOx,C1(C2=N[C@@H](CC3=CC=CC4=C3C=CC=C4)CO2)=N[C@@H](CC5=C(C=CC=C6)C6=CC=C5)CO1
L0153,BiOx,COC1=CC(C[C@H]2COC(C3=N[C@@H](CC4=CC=CC(OC)=C4)CO3)=N2)=CC=C1
L0154,BiIm,C12=N[C@@H](CC3=CC=CC=C3)CN1CCCN4C[C@H](CC5=CC=CC=C5)N=C24
L0155,BiIm,CC1(C)CN2C(C3=N[C@@H](CC4=CC=CC=C4)CN3C1)=N[C@@H](CC5=CC=CC=C5)C2
L0156,BiIm,CC(C1=CC=CC(N2C[C@H](CC3=CC=CC=C3)N=C2C4=N[C@@H](CC5=CC=CC=C5)CN4C6=CC=CC(C(C)(C)C)=C6)=C1)(C)C
L0157,BiIm,CC(C=C1)=CC=C1N2C(C3=N[C@@H](CC(C)C)CN3C4=CC=C(C)C=C4)=N[C@@H](CC(C)C)C2
L0158,BiIm,CC(C1=CC=CC(N2C[C@H](C3CCCCC3)N=C2C4=N[C@@H](C5CCCCC5)CN4C6=CC=CC(C(C)(C)C)=C6)=C1)(C)C
L0159,BiIm,CC([C@H]1CN(C2=CC=C(C3=CC=CC=C3)C=C2)C(C4=N[C@@H](C(C)C)CN4C5=CC=C(C6=CC=CC=C6)C=C5)=N1)C
L0160,PyOx,CC[C@@H](CO1)N=C1C2=CC=CC=N2
L0161,PyOx,CC(C)C[C@@H](CO1)N=C1C2=CC=CC=N2
L0162,PyOx,FC(C(C=N1)=CC=C1C2=N[C@@H](C)CO2)(F)F
L0163,PyOx,CC([C@@H](CO1)N=C1C2=CC=CC(C)=N2)(C)C
L0164,PyOx,C12=CC=C(C3=N[C@H](C4=CC=CC=C4)[C@H](C5=CC=CC=C5)O3)N=C1C=CC=C2
L0165,PyIm,CC(C(C=C1)=CC=C1N2C[C@H](C(C)(C)C)N=C2C3=CC=C(C(F)(F)F)C=N3)(C)C
L0166,PyIm,FC(C(C=N1)=CC=C1C2=N[C@@H](C(C)(C)C)CN2C3=C(C(C)C)C=CC=C3C(C)C)(F)F
L0167,PyIm,FC(C(C=N1)=CC=C1C2=N[C@@H](C3=CC=CC=C3)CN2C4=C(C(C)C)C=CC=C4C(C)C)(F)F
L0168,PyIm,CN1C(C2=N[C@@H](C(C)(C)C)CO2)=NC=C1
L0169,PyOx,C1(C2=N[C@H](C(C=CC=C3)=C3C4)[C@H]4O2)=CC=CC(C5=CC=CC=C5)=N1
L0170,PyOx,FC(C1=CC=NC(C2=N[C@@H](C(C=CC=C3)=C3C4)[C@@H]4O2)=C1)(F)F
L0171,PyOx,FC(C(C=N1)=CC=C1C2=N[C@H](C(C=CC=C3)=C3C4)[C@H]4O2)(F)F
L0172,PyOx,CC1=NC(C2=N[C@@H](C3=CC=CC=C3)CO2)=CC=C1
L0173,PyOx,FC(C1=CC=C(C2=N[C@@H](C3=CC=CC=C3)CO2)N=C1)(F)F
L0174,PyOx,C1(C2=CC=CC=C2)=NC(C3=N[C@H](C4=CC=CC=C4)CO3)=CC=C1
L0175,PyOx,CC([C@H](CO1)N=C1C2=CC=CC(C3=CC=CC=C3)=N2)C
L0176,PyOx,CC([C@@H](CO1)N=C1C2=CC(C(F)(F)F)=CC=N2)C
L0177,PyOx,CC([C@@H](CO1)N=C1C2=CC=C(C(F)(F)F)C=N2)C
L0178,PyOx,CC([C@@H](CO1)N=C1C2=CC(OC)=CC(C)=N2)C
L0179,PyOx,COC1=CC(C)=NC(C2=N[C@@H](CC3=CC=CC=C3)CO2)=C1
L0180,PyOx,CC([C@@H](CO1)N=C1C2=CC=CC(CC3=CC=CC=C3)=N2)(C)C
L0181,PyOx,C[C@@H](CO1)N=C1C2=CC(C(F)(F)F)=CC=N2
L0182,PyOx,C1(C2=N[C@@H](C3=CC=CC=C3)[C@@H](C4=CC=CC=C4)O2)=CC=CC=N1
L0183,PyOx,COC1=NC(C2=N[C@@H](C3=CC=CC=C3)[C@@H](C4=CC=CC=C4)O2)=CC=C1
L0184,PyOx,FC(C1=NC(C2=N[C@@H](C3=CC=CC=C3)[C@@H](C4=CC=CC=C4)O2)=CC=C1)(F)F
L0185,PyOx,CC1=NC(C2=N[C@@H](C3=CC=CC=C3)[C@@H](C4=CC=CC=C4)O2)=CC=C1
L0186,PyOx,FC(C1=CC=NC(C2=N[C@@H](C3=CC=CC=C3)[C@@H](C4=CC=CC=C4)O2)=C1)(F)F
L0187,PyOx,FC(C1=CC=C(C2=N[C@@H](C3=CC=CC=C3)[C@H](C4=CC=CC=C4)O2)N=C1)(F)F
L0188,BOX,C1(CC2=N[C@@H](C3=CC=CC=C3)CO2)=CC=CC=N1
L0189,BOX,CC(C1=N[C@@H](C2=CC=CC=C2)CO1)(C)C3=CC=CC=N3
L0190,PyIm,C1(C2=N[C@@H](C3=CC=CC=C3)CN2C4=CC=CC=C4)=CC=CC=N1
L0191,PyIm,C1(C2=N[C@@H](CC3=CC=CC=C3)CN2C4=CC=CC=C4)=CC=CC=N1
L0192,PyIm,FC(C(C=C1)=CC=C1[C@@H](CN2C3=CC=CC=C3)N=C2C4=CC=CC=N4)(F)F
L0193,PyIm,CC1=NC(C2=N[C@@H](C3=CC=CC=C3)CN2C4=CC=CC=C4)=CC=C1
L0194,PyIm,CC1=NC(C2=N[C@@H](C3=CC=CC=C3)CN2C4=CC=C(C(F)(F)F)C=C4)=CC=C1
L0195,PyIm,CC1=NC(C2=N[C@@H](C3=CC=CC=C3)CN2C4=CC=C(C(C)(C)C)C=C4)=CC=C1
L0196,PyIm,CC1=NC(C2=N[C@@H](CC3=CC=CC=C3)CN2C4=CC=CC=C4)=CC=C1
L0197,PyIm,CC1=NC(C2=N[C@@H](CC3=CC=CC=C3)CN2C4=CC=C(C(F)(F)F)C=C4)=CC=C1
L0198,PyIm,CC1=NC(C2=N[C@@H](CC3=CC=CC=C3)CN2C4=CC=C(C(C)(C)C)C=C4)=CC=C1
L0199,PyIm,FC(C1=CC=C(C2=N[C@@H](C3=CC=CC=C3)CN2C4=CC=C(C(C)(C)C)C=C4)N=C1)(F)F
L0200,PyIm,FC(C1=CC=C(C2=N[C@@H](CC3=CC=CC=C3)CN2C4=CC=C(C(C)(C)C)C=C4)N=C1)(F)F
L0201,PyIm,FC(C1=CC=C(C2=N[C@@H](C3=CC=CC=C3)CN2C4=CC=CC=C4)N=C1)(F)F
L0202,PyIm,FC(C1=CC=C(C2=N[C@@H](CC3=CC=CC=C3)CN2C4=CC=CC=C4)N=C1)(F)F
L0203,PyIm,FC(C1=CC=C(C2=N[C@@H](C3=CC=CC=C3)CN2C4=CC=C(C(F)(F)F)C=C4)N=C1)(F)F
L0204,PyIm,FC(C1=CC=C(C2=N[C@@H](CC3=CC=CC=C3)CN2C4=CC=C(C(F)(F)F)C=C4)N=C1)(F)F
L0205,PyIm,C1(C2=N[C@H](C3=CC(C=CC=C4)=C4C=C3)CN2C5=CC=CC=C5)=CC=CC=N1
L0206,PyIm,FC(C1=CC=C(C2=N[C@H](C3=CC(C=CC=C4)=C4C=C3)CN2C5=CC=CC=C5)N=C1)(F)F
L0207,PyIm,C1(C2=N[C@@H](C(C=CC=C3)=C3C4)[C@@H]4N2C5=CC=CC=C5)=CC=CC=N1