Filename,HOMO_au,LUMO_au,Dipole,Surface_area,Surface_volume,P_int,SASA,V_SASA,Hirshfeld_51,Hirshfeld_52,Hirshfeld_55,Hirshfeld_60,Hirshfeld_57,Hirshfeld_54,Hirshfeld_53,Hirshfeld_65,Hirshfeld_68,Hirshfeld_80,Hirshfeld_50,Hirshfeld_1,Hirshfeld_17,Hirshfeld_18,Hirshfeld_49,CM5_51,CM5_52,CM5_55,CM5_60,CM5_57,CM5_54,CM5_53,CM5_65,CM5_68,CM5_80,CM5_50,CM5_1,CM5_17,CM5_18,CM5_49,Spin_Density_51,Spin_Density_52,Spin_Density_55,Spin_Density_60,Spin_Density_57,Spin_Density_54,Spin_Density_53,Spin_Density_65,Spin_Density_68,Spin_Density_80,Spin_Density_50,Spin_Density_1,Spin_Density_17,Spin_Density_18,Spin_Density_49,Vbur_50,Vbur_49,Vbur_1,Vbur_17,Vbur_51,Vbur_52,P_int_51,P_int_55,P_int_52,P_int_68,P_int_50,P_int_1,P_int_17,P_int_49,SASA_51,SASA_52,SASA_50,SASA_49,SASA_18,P_51,P_angle_51,P_52,P_angle_52,P_54,P_angle_54,P_53,P_angle_53,P_1,P_angle_1,P_17,P_angle_17,f_elec_51,f_nuc_51,local_elec_51,local_nuc_51,f_elec_52,f_nuc_52,local_elec_52,local_nuc_52,f_elec_55,f_nuc_55,local_elec_55,local_nuc_55,f_elec_60,f_nuc_60,local_elec_60,local_nuc_60,f_elec_57,f_nuc_57,local_elec_57,local_nuc_57,f_elec_54,f_nuc_54,local_elec_54,local_nuc_54,f_elec_53,f_nuc_53,local_elec_53,local_nuc_53,f_elec_65,f_nuc_65,local_elec_65,local_nuc_65,f_elec_68,f_nuc_68,local_elec_68,local_nuc_68,f_elec_80,f_nuc_80,local_elec_80,local_nuc_80,f_elec_50,f_nuc_50,local_elec_50,local_nuc_50,f_elec_1,f_nuc_1,local_elec_1,local_nuc_1,f_elec_17,f_nuc_17,local_elec_17,local_nuc_17,f_elec_18,f_nuc_18,local_elec_18,local_nuc_18,f_elec_49,f_nuc_49,local_elec_49,local_nuc_49,d_51_50,d_52_50,d_50_1,d_50_17,d_49_50,d_1_17,theta_51_50_52,theta_51_50_1,theta_51_50_17,theta_52_50_1,theta_52_50_17,theta_1_50_17,theta_1_50_49,theta_17_50_49,theta_51_50_49,theta_52_50_49,phi_51_54_53_52,phi_51_50_17_18,phi_52_50_17_18,phi_54_51_50_1,phi_53_52_50_1,L_55_60,B1_55_60,B5_55_60,L_68_80,B1_68_80,B5_68_80,L_51_50,B1_51_50,B5_51_50,L_52_50,B1_52_50,B5_52_50,L_50_1,B1_50_1,B5_50_1,L_50_17,B1_50_17,B5_50_17
L0116_CfA_TSRE_R-12,-0.27617,-0.04379,862.8649,657.1391197767582,741.56596432296,24.259320866742854,768.6812569232658,1474.8612239136664,-2.276969,-1.415866,-2.534789,4.545057,-1.87754,-3.186464,-1.740945,5.175978,5.154167,0.910703,-3.946799,-0.941181,-2.306303,-0.561468,-1.315031,-2.510169,-1.655564,-2.529551,4.540276,-1.949902,-3.073879,-1.666282,5.129209,5.176381,0.978821,-3.729637,-1.083767,-2.394143,-0.498885,-1.339034,.231319,0.016943,0.016082,0.006347,0.022525,0.037505,0.059329,0.007276,0.001243,3.2e-05,0.034318,-0.005631,0.027483,0.006372,0.03039,39.05198174447146,36.14778515867325,40.47256843562184,34.795816491887265,44.995610838940806,0,42.20203821008835,34.30512334065186,1.1699875925165424,0.5199944855629063,0.09999650674762998,17.130295495296544,0.0,0.9072342061125606,0.5551213660081997,0.8631254658963846,0.8586295657845695,0.8127387718971301,0.7590849795005591,1.558951294797098,10.334531234458598,1.9943378053115248,8.260811311534956,0.017124414404839913,0.11399519726164062,0.03521716290560243,0.2345139716454809,0.7716305106882674,5.645204526025351,0.7272809596675062,5.257982246066139,0.0017912079682792514,-0.021757364201742707,0.03688341653174307,-0.021757364201742707,0.004696627944969889,-0.021045325364053347,0.04646393955797028,-0.021045325364053347,-0.005999440725370744,-0.004132603966462554,-0.016067466352520033,-0.004132603966462554,-0.007226263202692568,-0.007460188844458648,-0.015888529091320557,-0.007460188844458648,0.029442439968657474,0.02195753813645862,0.07651166136552567,0.02195753813645862,0.012163952119609578,0.0014701125986901764,0.042218865861454985,0.0014701125986901764,0.013103158586860342,-0.002106044224015946,0.05062794040277065,-0.002106044224015946,0.011180329088762278,0.007386116032601336,0.030382673511724148,0.007386116032601336,0.0019476789300757608,-0.0014231668242055129,0.009074707121932377,-0.0014231668242055129,0.02266253864270816,0.004553517536059454,0.07612516306556834,0.004553517536059454,0.1888672393903415,0.1841549225419994,0.43037516380574126,0.1841549225419994,-0.013578424806693697,-0.011170831669198005,-0.033828602654363264,-0.011170831669198005,0.0022460738283338957,-0.00017491231304985616,0.008418660974024859,-0.00017491231304985616,0.020677220376442595,0.023916906149110573,0.04187629087023059,0.023916906149110573,0.10407881277295788,0.14745197659808135,0.17301106375684377,0.14745197659808135,2.2388639389431417,2.248846805587255,1.9617489860326167,2.014228754486441,2.352296463416123,2.3106368748031354,76.12336319927786,159.39913895716933,109.31521421193986,98.85158543595072,165.04549338813675,71.04886367675991,110.20508963864461,104.36716964009507,89.87873389265424,89.33593393609054,-6.437223115584648,-32.11371025950221,-141.22459326681,-96.18250832428488,175.24209466564088,6.777054837041152,2.1439739456226543,10.391784634514023,6.761638603269532,2.7117593717122204,9.94226432296422,9.024380228714609,5.215806225008304,7.437156181844376,8.303272148190969,5.208859983605885,7.863868132247063,6.715457394012331,5.0714407175449026,7.218506193495514,6.070814254038082,5.304240159923763,7.82000425062717,
L0116_CfA_TSRE_R-25,-0.29409,-0.04303,664.7579,642.5421572981155,741.771684365334,24.291686160022387,760.4619097610309,1456.813155211248,-2.279949,-1.1405,-2.326239,4.625634,-1.818434,-2.758864,-2.326016,5.121276,5.190864,0.905473,-4.002662,-0.992594,-3.303884,-0.700433,-0.89209,-2.514457,-1.375753,-2.319563,4.621253,-1.890872,-2.646436,-2.251816,5.074542,5.214517,0.974934,-3.782702,-1.131926,-3.39532,-0.639695,-0.915704,.193545,0.022806,0.004116,0.006035,0.005175,0.026278,0.046695,0.004374,0.003157,0.000247,0.045567,0.033519,0.032121,0.011647,0.03711,45.39370177585424,36.08835100024388,38.44267702676214,32.88797204120462,55.524361620379544,39.73737087836497,35.293931716270826,35.006584718837686,0.0,0.17999809115639206,0.0,18.000310502938586,8.759979515357331,0.9260564200521804,0.5784977171077152,0.6691495061498323,0.7566215523667537,0.8395278140141632,0.769532705926202,1.5641786951462302,10.232783269802152,1.9928386455452938,8.205524748427656,0.003238136854673065,0.02157071595464798,0.0234070111973319,0.15574538719480838,0.7950141832085785,5.8671619485792785,0.7326693814279622,5.338051502624265,-0.0019610667476711308,-0.005971340327413616,0.0009253459400211279,-0.005971340327413616,-0.006874443116164336,-0.008568083844410629,-0.012843542777732551,-0.008568083844410629,-0.005322374376955749,-0.004601825560190204,-0.012587432806253017,-0.004601825560190204,-0.007694267634009336,-0.0062148443687493615,-0.018766552044814432,-0.0062148443687493615,0.027049776915197554,0.0234420116496159,0.06390220844870716,0.0234420116496159,0.0064892410563603675,-0.0012760357892402374,0.024307559784352686,-0.0012760357892402374,0.00731287869798336,-0.0030732651946823314,0.029520441980298972,-0.0030732651946823314,0.011842750565730656,0.008325651423808506,0.03049824282682065,0.008325651423808506,0.0021206718648508482,-0.0008327933202005172,0.008484653433829908,-0.0008327933202005172,0.012503513139296561,0.0037037399869765675,0.038817940140615445,0.0037037399869765675,0.2038601968794974,0.14825135425992025,0.5185743872177979,0.14825135425992025,-0.008959805893235386,-0.006001971509384439,-0.023460221166740916,-0.006001971509384439,0.002074955879373709,0.004828092203993606,0.0009596250845646023,0.004828092203993606,0.03776479092349949,0.0393924431551182,0.0805439398158018,0.0393924431551182,0.09883140557555431,0.13198743207732275,0.17318785648516183,0.13198743207732275,2.28271049701884,2.3049533734112715,2.0069118011512117,2.0065710442693026,2.3255844145934588,2.302856232355811,75.02770155955228,86.66717659840359,142.95644043114675,92.39487634367654,132.24031676178942,70.02848008147448,172.62512608863256,116.75834019262537,86.01092782471716,84.86194944932859,-3.866973805856199,71.42187022667842,-57.173355564764044,-111.65977981545093,102.86249107873904,9.607222087928866,2.707912481744165,10.128229378898833,5.768929638743668,2.2670234684992607,12.230386269770536,8.616106690188813,4.301871815917344,9.573460662505925,9.918353974979853,4.141157023283652,8.250640922284804,7.296141376879353,5.226773615834354,7.756795116120633,5.492794340960218,4.277788612245512,9.547583131308722,
L0116_CfA_TSRE_R-44,-0.27301,-0.04179,967.4525,628.7454278126525,735.5151799293242,24.147262804817267,744.6815956442354,1439.9178633717659,-2.491663,-1.330269,-2.292501,4.59947,-1.781081,-2.938692,-2.036053,5.120174,5.192506,0.901132,-4.036531,-1.294565,-2.857646,-0.722618,-0.860055,-2.713513,-1.563642,-2.287626,4.593489,-1.854032,-2.825307,-1.96071,5.073349,5.214256,0.970055,-3.81939,-1.43612,-2.939984,-0.661786,-0.882635,.007322,0.001269,0.001178,0.001265,0.005922,0.002713,0.002371,0.000239,0.000265,6e-05,0.007528,0.006683,0.326352,0.105993,0.01098,52.57743413571483,37.084489967985945,50.24315252198481,36.73210357869924,59.78339213736401,50.759185945899915,42.00313300344062,31.285270214769362,0.0,0.0,0.0,29.320505774786614,6.0599858291170605,0.9596126071561685,0.503686405143496,0.823413622810287,0.7585375512486023,0.8894427879239657,0.8715640141632501,1.5331054930514816,10.49813076753368,1.9984022673130595,8.336330482160847,0.04796436046574126,0.31998246113224066,0.007866145000051492,0.05237474930391683,0.7777240165323193,5.701468564843367,0.702630456187484,5.050918436705336,0.0037885274216755693,-0.015500680463320815,0.030751420064525303,-0.015500680463320815,0.004535356873879279,-0.021249241467643648,0.039988004001764624,-0.021249241467643648,-0.004224252421553144,-0.0033109517298761312,-0.010010287259047939,-0.0033109517298761312,-0.00632884814078441,-0.007430874053598421,-0.012085390178411337,-0.007430874053598421,0.027058748277733413,0.021880083899907088,0.06332994347490235,0.021880083899907088,0.011028562297779099,-0.0004031609348104648,0.03680008725466984,-0.0004031609348104648,0.011130823808139623,-0.0037261873595813566,0.04105428950697869,-0.0037261873595813566,0.009860007861969805,0.006207038739867471,0.02515871474478541,0.006207038739867471,0.000503095561867492,-0.0022386168234011378,0.004296063699979322,-0.0022386168234011378,0.020798423223975133,0.005485849910635138,0.062036795082510025,0.005485849910635138,0.18979618445774182,0.20592461491682626,0.3823760992981408,0.20592461491682626,-0.010883455093711535,-0.008992693818162981,-0.025245749209054973,-0.008992693818162981,0.00833839581055832,0.005099926450848807,0.02145210589443105,0.005099926450848807,0.037272675089065906,0.04443807921025718,0.07037887273327746,0.04443807921025718,0.08622638333280941,0.13605141721086353,0.12361857966078281,0.13605141721086353,2.368328950167185,2.3956133537989808,1.9957037493826584,2.1114767965099692,2.353479194108161,2.3477869312397157,71.9545061871851,149.30746668062127,128.05074440454374,90.44965727750393,159.48689534616574,69.66250284568994,108.34478224911281,102.17562616229047,93.03051212547189,78.76934620577613,10.751023279642117,170.1478774788927,4.354975104916123,-75.07848097854266,177.2056942152221,6.782494966595346,2.4441386422414295,10.634886453104288,8.423318792905663,2.5865490859857507,10.145437206839146,10.018506550948436,4.3087033594847775,7.20137187209974,8.173160362229902,4.978107571517768,8.270250260697745,8.660049147084179,4.174866870094968,7.1372335574331505,5.320771267077427,4.486227058882733,8.202782561048156,
L0116_CfA_TSRE_R-58,-0.27804,-0.04534,1144.0276,654.9207943353089,742.498483422276,23.798587258022067,786.1728956045919,1483.2006744712942,-2.410444,-1.503917,-2.490407,4.582762,-1.884837,-3.224359,-1.723012,5.138524,5.158889,0.905746,-4.021326,-1.294821,-2.435567,-0.478289,-1.352273,-2.643791,-1.744417,-2.484455,4.57854,-1.957252,-3.111348,-1.648255,5.091767,5.180748,0.97394,-3.803983,-1.437025,-2.523474,-0.409879,-1.380323,.250894,0.018984,0.019284,0.004851,0.006109,0.039722,0.075458,0.006884,0.001938,8.1e-05,0.03889,-0.016311,0.020367,0.009987,0.02574,39.9911566196359,40.303588567642976,39.40728680496621,33.685790840387156,44.998798377210946,37.03066636302347,0,29.72934747589431,0.7899916222974883,0.01999978790626983,0.17999371214573714,39.23067672390447,0.0,0.8748078177413343,0.4277918840849795,0.705198238911666,0.9082533544539695,0.7997926761088334,0.7603545471487141,1.5720529419096787,10.223614578989784,1.9971681499132927,8.260832496067868,0.008360993460679327,0.055661141697741945,0.02708551500777999,0.1803496900611948,0.7755861480684281,5.682690895926148,0.7252646225715542,5.261225104576944,0.0020607114930772663,-0.021903589518395494,0.036475512364504775,-0.021903589518395494,0.006364511721179106,-0.020418740636601596,0.04973051422351609,-0.020418740636601596,-0.0055336221551841175,-0.003596411229725864,-0.014794750254467208,-0.003596411229725864,-0.007000318205375111,-0.006017777317245371,-0.01676016632604703,-0.006017777317245371,0.029478010281406508,0.023873757484843383,0.07253048136643053,0.023873757484843383,0.012838429902195192,0.002387214754043687,0.04226098616711446,0.002387214754043687,0.013866246902112411,-0.0015796520919777318,0.05118389504784587,-0.0015796520919777318,0.011078238394496336,0.007677217546069363,0.02898306527869896,0.007677217546069363,0.0021889802061749036,-0.0011614837463679029,0.009295279134019258,-0.0011614837463679029,0.0232002962847013,0.006227178045301818,0.07382075114547626,0.006227178045301818,0.1846831426577985,0.1965309863730338,0.3918492578619469,0.1965309863730338,-0.014160369053021163,-0.012204347588923286,-0.03386082476327035,-0.012204347588923286,0.0017689133054777303,-0.00033063602212468624,0.006701539394329614,-0.00033063602212468624,0.02005202463511782,0.023523473662606098,0.039634030349854646,0.023523473662606098,0.10524969415411989,0.14963989205509373,0.17316777486466445,0.14963989205509373,2.217660376004405,2.2437843240605817,1.978481831253449,2.005352008526184,2.3364361129934625,2.2674182494414215,76.5845097391498,160.73919737996755,110.79495725281268,99.36831256340652,165.34491206765526,69.37885445600286,105.45948984831395,100.45966089492396,93.5368095599553,91.46892492319104,0.32947333881554147,-21.98496817537074,-140.10159317468478,-91.59426924298741,172.9517824335119,6.7838210474732685,2.2176400858046845,11.184735108249741,8.503884579540884,2.4047280248974197,10.725105852927877,9.191797468886248,4.204223327649422,8.25803092591806,11.617224201011679,3.7659840683557273,7.536922250043695,6.874493922172311,3.8920031402294413,8.36255900014531,9.965068134933555,4.101431600287709,7.605916865806801,
L0116_CfA_TSRE_R,-0.27872,-0.04386,1124.5477,670.0166043847847,744.4679914975693,23.442116776187596,837.9733070300962,1527.8797913723008,-1.990029,-1.572731,-2.422523,4.607873,-1.798014,-3.124568,-1.691656,5.151952,5.156414,0.904378,-4.019254,-1.168786,-2.406438,-0.550808,-1.189843,-2.224687,-1.809283,-2.41635,4.60441,-1.869947,-3.010825,-1.616277,5.105247,5.178798,0.972646,-3.806169,-1.309668,-2.493702,-0.480955,-1.222848,.011549,0.001815,0.071327,0.021062,0.030907,0.07738,0.005654,0.001027,0.000101,7.9e-05,0.001629,-0.014547,0.000881,0.001682,0.23917,45.5040477918662,38.90242246502373,39.37371193949426,31.073269490797014,41.601211327980764,39.25242426656274,0,30.890257911481033,0.0,0.7499920464849609,0.18999336282049065,27.8104797270401,0.0,0.8736139582556839,0.5019917070443534,0.7117848490495714,0.8826174058889303,0.8133269660827432,0.7306245341036154,1.6370171878056063,9.977578960058825,1.9975733087116656,8.24934637045841,0.023072425460477018,0.15361644742611277,0.03438598904956982,0.22894536034221105,0.7927861412083671,5.854280968208179,0.7435562890505868,5.40941622374804,0.0027585750703756073,-0.02283316116878234,0.039464916459571606,-0.02283316116878234,0.005441178229939725,-0.022773938923339926,0.04877001719726948,-0.022773938923339926,-0.005286560448171274,-0.002794380800262522,-0.014840755340341728,-0.002794380800262522,-0.0061243971202911,-0.003142163127960493,-0.017316946193313816,-0.003142163127960493,0.029522478839297206,0.023772982966469514,0.07221118219215115,0.023772982966469514,0.012813680731716681,0.0029111697774786838,0.04101443837170391,0.0029111697774786838,0.015318887881876714,-0.0014295841775090468,0.05544481956677104,-0.0014295841775090468,0.011408046945346036,0.0077323426138690005,0.02980247127746375,0.0077323426138690005,0.0023899753716468825,-0.0005656596817159298,0.009097635945892576,-0.0005656596817159298,0.023799995012387623,0.005695586836233557,0.07580316144047555,0.005695586836233557,0.19222998354785703,0.20530505817633105,0.40422827913718956,0.20530505817633105,-0.011128047772394255,-0.0091818629675798,-0.02693030936937713,-0.0091818629675798,0.001152205079022084,-0.0009318466371261783,0.005246706268965425,-0.0009318466371261783,0.020683357235734667,0.022497291767440586,0.04296211573202234,0.022497291767440586,0.11893901947579905,0.1534691388075122,0.21558239012457647,0.1534691388075122,2.2188235079654266,2.2654378718914363,1.9909780578650285,2.014515135063522,2.3089423863968546,2.2455819810686046,76.2626730677322,155.2547290281626,110.56619728740057,96.94803576697956,158.68953344749295,68.19522256530936,108.74988057748791,102.91673898376442,95.72298969532586,96.23324111388166,6.284719412225274,-29.91467209464541,-135.21703590870982,-72.5663836375536,154.82439089793547,7.641399856159706,2.588304235733257,11.83180167835391,8.015629582999553,2.3803640763470173,11.466238482070855,10.505250190008057,4.259625894302518,9.143702540177348,11.162364696951167,5.652038634799943,8.455972857336945,7.995798695726636,4.51431836470115,9.650289725360478,7.5016633196679585,4.994078147107179,8.556071611890705,
L0116_CfA_TSRE_S-13,-0.28329,-0.04389,1139.5237,662.7184768741487,741.3112225899911,23.81362491452812,798.8433370827531,1494.4108950771185,-2.188821,-1.574397,-2.408693,4.594451,-1.67951,-3.014472,-1.746736,5.148212,5.156838,0.916698,-3.950068,-1.661855,-2.401884,-0.241053,-1.122521,-2.427074,-1.813791,-2.402725,4.590876,-1.7501,-2.900817,-1.67148,5.101324,5.179418,0.984283,-3.734452,-1.803569,-2.488089,-0.180315,-1.155178,.058635,0.001467,0.093933,0.018253,0.028761,0.05978,0.011966,0.001194,0.000233,1.9e-05,0.012238,-0.010642,0.010225,0.008061,0.15017,48.85176859912275,41.239087512574976,43.23176656230922,34.292553136381486,54.39407138280228,37.31978978324876,50.63859567449696,26.830766325545188,0.0,0.0,0.0,48.380834562898244,8.479980170117601,0.8898446235557212,0.3813536619455833,0.6734066343645173,0.7846743384271339,0.8448681513231457,0.8003633991800224,1.6623650679021156,9.947998821590915,1.9777950876946986,8.200040970176946,0.04122685635625666,0.274270575894392,0.04919641703572553,0.3278614077511385,0.778764173599844,5.7147054294924295,0.8032319323889432,5.9549514078628265,0.0035700360949171284,-0.025589643491311875,0.04271497336634193,-0.025589643491311875,0.007758660329560851,-0.021327635869358152,0.051549909083114916,-0.021327635869358152,-0.00514019695335511,-0.002716859186484316,-0.013868290376022822,-0.002716859186484316,-0.005512602640205241,-0.005265092535361754,-0.012041860527588768,-0.005265092535361754,0.029111333553379748,0.023213562162343604,0.06911889268896673,0.023213562162343604,0.014066944360816958,0.002357356452398318,0.044066549227301716,0.002357356452398318,0.015220249324609483,-0.0011728469816903175,0.05216265206904659,-0.0011728469816903175,0.012094987535209364,0.008215785991967525,0.0304374449294059,0.008215785991967525,0.0016153438931317543,-0.002275530728086367,0.008126048850112241,-0.002275530728086367,0.021646771926269473,0.0043622428531311375,0.0669268047447346,0.0043622428531311375,0.18392601418240895,0.22188628889851678,0.34612348817717953,0.22188628889851678,-0.013989814411572377,-0.014606674638100267,-0.02906066483284914,-0.014606674638100267,-0.0034400840107183597,-0.006746718228104201,-0.003347300926714462,-0.006746718228104201,0.028731351976570424,0.035583402804248314,0.05295806375880107,0.035583402804248314,0.11828035034179618,0.16681236427167606,0.1935455327523255,0.16681236427167606,2.213953272180784,2.298406387608597,1.98746407580112,2.0601960364246894,2.3057176936043144,2.168057946711757,74.61052877166892,145.6717922883829,117.18666024778832,95.283805329713,158.6489430760207,64.74444168687702,108.31122020803052,102.61712009281868,104.5503211251599,90.45465239037709,7.756355722328625,-155.1504253876898,85.2115517605902,-62.56762806742086,136.32258139994784,6.79826146014126,3.630751997776403,9.220519692824737,4.416977561413783,2.4425210043740586,13.632799200560603,6.623776809086017,4.295126913760585,10.243647813044637,12.131247485882426,3.155266053931144,8.533824376642052,6.1035211323314265,3.8793649978981195,9.864307670678373,8.111898576574095,3.2897077305925513,9.103949130573982,
L0116_CfA_TSRE_S-14,-0.28072,-0.04368,1340.9489,651.644426895273,742.7691956758172,23.786425113388724,785.5617247580502,1475.6063070428054,-2.405431,-1.627213,-2.480583,4.57575,-1.75564,-3.031581,-1.818037,5.137788,5.166633,0.918102,-3.967764,-1.478807,-2.364671,-0.461651,-1.23109,-2.643213,-1.867,-2.474714,4.572586,-1.826264,-2.917954,-1.742896,5.090848,5.189146,0.985659,-3.752717,-1.620264,-2.448905,-0.400373,-1.26447,.191359,0.019815,0.035447,0.018969,0.015049,0.129293,0.079842,0.007073,0.001364,-1.3e-05,0.042542,-0.017902,0.051993,0.013671,0.06987,48.19420097012589,40.00204210610802,43.742859383919686,33.03096509025882,53.34231988371686,36.55495886905641,49.043654881259926,26.511023300883654,0.0,0.009999893953134916,0.0,48.03082852534112,9.09997872029129,0.8889070070816251,0.3813303671263511,0.682206252329482,0.7899622623928438,0.8441052459932911,0.8025181699590012,1.6736389318914082,9.947829662362308,1.9757339087835946,8.191275603827673,0.05197227497145545,0.34581349223285884,0.058422402422175494,0.3894000468715956,0.7787171864773239,5.713775818390665,0.7897175775082395,5.820755546447808,0.0036690437604476878,-0.02535356483659601,0.042730459704307486,-0.02535356483659601,0.007537498223124162,-0.019259855934925185,0.048292229044383295,-0.019259855934925185,-0.0054140533184719175,-0.003001423641384969,-0.014433237760811376,-0.003001423641384969,-0.005420598183779629,-0.0021608497809924715,-0.015466320527272443,-0.0021608497809924715,0.029661542919173056,0.023303304300182237,0.07082159452320748,0.023303304300182237,0.013970753741843145,0.002288281320465463,0.043809294719621895,0.002288281320465463,0.01533906986649751,-0.001299948360596992,0.05268656472357491,-0.001299948360596992,0.01236576119108325,0.0082587856719099,0.031277175651104744,0.0082587856719099,0.001576759110686915,-0.0019749665803655836,0.007631107125250345,-0.0019749665803655836,0.02158080526548712,0.005042634345302638,0.0658586821672762,0.005042634345302638,0.1884722211749985,0.22065932254658085,0.3626786128215123,0.22065932254658085,-0.015091468418785475,-0.016024663738763056,-0.031018615838648213,-0.016024663738763056,-0.0032263313294533177,-0.0053463422119208875,-0.004320811935096789,-0.0053463422119208875,0.029101662526812334,0.035073598266904656,0.05479510796210332,0.035073598266904656,0.12409544321958887,0.16349442066188274,0.21689466004327665,0.16349442066188274,2.212992299557321,2.295596613627925,1.9902728099434006,2.0746251901970147,2.301351348186539,2.16106806126045,74.63340236035751,144.51394280902375,116.83163983795245,95.07021724888465,157.61180307954254,64.19351940368746,107.47195024705026,102.97738292715024,106.56891211112604,90.89352696024723,5.384733564955195,-154.66788387017394,88.69953013098919,-62.27550099247235,133.29899798478593,6.795985723253184,3.6707432950516474,8.668436216821656,4.3121456796421365,2.4768747236774367,12.677074656484743,6.552097728508345,4.466820348983564,9.892968335774778,10.601416455854364,3.184131575814593,8.446906834810768,6.059105768147455,3.7305089827629967,9.478957295378626,9.07207144111086,3.2999273730643486,7.905026138949099,
L0116_CfA_TSRE_S-15,-0.29481,-0.044,1320.2670,646.9521934297758,742.7114949930402,23.84202572303714,767.6909258080011,1464.9183301116057,-1.991877,-1.403647,-2.423569,4.577564,-1.793498,-3.111797,-1.7293,5.170003,5.16727,0.925944,-4.072216,-1.406974,-2.627715,-0.378244,-1.197061,-2.235729,-1.640833,-2.41644,4.574443,-1.864623,-2.999511,-1.654965,5.123138,5.190666,0.99324,-3.850985,-1.546936,-2.716223,-0.303156,-1.228175,.027445,0.004018,0.0912,0.019565,0.078935,0.071144,0.00778,0.000866,0.000462,2.8e-05,0.004016,-0.028741,2e-05,0.001075,0.23809,46.482324812427926,41.5617770222933,44.49831273689949,31.4020189419205,47.71949438342516,46.48743012144365,0,28.53628690013942,0.0,0.0,0.0,38.180658611233056,0.0,0.904066110696981,0.4531599422288483,0.7537970555348491,0.8999895173313455,0.8434762858740216,0.8036072027581066,1.6583166019452231,9.874811204302482,1.99028880157925,8.156237729890087,0.018238766444151656,0.12141733656554628,0.033922955177731605,0.2258852684644663,0.7907048672053911,5.823979463290661,0.7517337940752773,5.513420517506339,-0.0028367825834380023,-0.009691332767389288,0.0025494065650670215,-0.009691332767389288,-0.0015228363786236043,-0.009811419031045043,0.007222702840631276,-0.009811419031045043,-0.004910075210184876,-0.0044280421295984085,-0.011269246231555764,-0.0044280421295984085,-0.007342197634946077,-0.006044924846095756,-0.01758349496573127,-0.006044924846095756,0.03210935527458941,0.028041063101159447,0.07485858187087327,0.028041063101159447,0.01205358383864194,0.002013043559710853,0.038914678275730814,0.002013043559710853,0.008829208050746912,-0.0024162171263242133,0.03344680098293397,-0.0024162171263242133,0.011844344581500008,0.00858016900321408,0.02985339885099038,0.00858016900321408,0.0016807669318166657,-0.0009145486801853675,0.006944483370941578,-0.0009145486801853675,0.01719450737445339,0.008011574003526839,0.04898339351366941,0.008011574003526839,0.18611586740216407,0.1715218605399173,0.4224886223785382,0.1715218605399173,-0.010217861792447266,-0.010137633440259846,-0.02227907285980606,-0.010137633440259846,-0.00022119137444968906,0.0036928427382734094,-0.005451572207615521,0.0036928427382734094,0.03783592748694044,0.042706042866185435,0.07593441117254003,0.042706042866185435,0.13771531270352466,0.14008688589730597,0.2958893507295864,0.14008688589730597,2.1657332052909934,2.3343850374134942,2.0130809467083033,2.0174649043044095,2.2946015202644663,2.237826103453975,75.71704014913705,94.70373445507155,128.1143743965268,88.89022805445927,145.9740252734047,67.45117313522428,165.78044002788945,110.41577011390055,97.12878549839202,86.42149476789272,7.068712236514114,68.31347757142343,-58.66837683538918,-83.181236613549,94.15040714138082,6.7914643862125,3.1342054884754664,10.199279473040288,7.797997556969706,2.39750488550426,11.531424611176002,9.275668121484772,4.315361564495992,8.37204790817263,10.748715333663146,3.7781253806889916,8.230907480123077,6.510856649800505,4.158986020844026,8.092818699611307,7.999538745547035,3.7460949727077635,7.561361285150806,
L0116_CfA_TSRE_S-20,-0.29055,-0.04132,1007.2530,650.4329225869136,740.5004902991772,24.171461157355992,763.791828763633,1461.6128570423919,-1.923655,-1.47025,-2.322298,4.647183,-1.636514,-3.10779,-1.951434,5.156075,5.14588,0.874115,-3.797302,-1.1144,-3.138076,-0.751536,-0.763034,-2.164023,-1.710311,-2.314925,4.643752,-1.707575,-2.994924,-1.876863,5.109327,5.169579,0.951951,-3.559321,-1.251445,-3.223693,-0.690497,-0.781483,0.000177,0.000217,-0.001643,-0.000478,0.00171,-0.001724,1.1e-05,-1.8e-05,4e-05,3.6e-05,0.004377,-0.016715,0.293296,0.113428,0.01516,43.57466596232994,39.98171685418003,48.07525622080279,43.35070275227809,54.47389306874246,37.63339362953737,33.749592875437166,33.33204220077923,0.0,0.0,0.0,19.490336205681835,7.5299823916256505,0.9411980525531122,0.5597512113306001,0.6794982295937384,0.7500116474096161,0.8267739004845323,0.8449380357808424,1.6440592666786709,9.89022977733315,1.9776807166168604,8.140965289822377,0.02630103561507829,0.17512210213413926,0.006232416710418286,0.041501097473707116,0.7802300084505052,5.7289308960488805,0.7099679071894416,5.1268605584833296,-0.006286274643569262,-0.005447485566796778,-0.014684187163944304,-0.005447485566796778,-0.0032916512714804558,-0.02007355329222446,0.014090719370143091,-0.02007355329222446,-0.002797082451638795,-0.003313987910256576,-0.00540798862285379,-0.003313987910256576,-0.00724761092245596,-0.006165796275100929,-0.017074913550111707,-0.006165796275100929,0.028706888714887635,0.02731540971716323,0.06397223296018953,0.02731540971716323,0.009297581348575862,0.001463905399448101,0.030056679241984366,0.001463905399448101,0.007830544752942092,-0.00464742093466268,0.03275106017673946,-0.00464742093466268,0.010908993231232067,0.007190224494114501,0.028344698446731605,0.007190224494114501,0.001963789692970369,-0.0008859284738530343,0.007859915509094602,-0.0008859284738530343,0.01704180170253966,0.005041743548067523,0.05210891083513042,0.005041743548067523,0.1945574030253845,0.159981053341384,0.4653660616153675,0.159981053341384,-0.007850610477019796,-0.007479024062559538,-0.017483476573863014,-0.007479024062559538,0.005755639709608858,0.007645934465207296,0.010082714545945266,0.007645934465207296,0.036677095544441055,0.040160042874211155,0.07508020469886881,0.040160042874211155,0.10499763919368987,0.1424341435222853,0.1802003064609609,0.1424341435222853,2.2118898806450558,2.281012835693828,2.0285744020124086,2.064232528689537,2.417623598370929,2.325513865449957,76.07442430703121,90.20103074516938,128.30502747492193,88.76034497309276,145.25418313571294,69.24265608021459,173.63958686552908,116.02433392567596,83.66267863061933,88.13996931309248,10.004656400009353,61.87037292810105,-65.0500546362354,-93.30327995515263,100.13633295899503,6.793013321199975,2.703455678265602,10.44733889238046,6.413819028434395,3.3599537320442665,10.360657791785616,8.84149322480523,4.338213855962451,8.0269990066164,9.309716695251039,4.720963001408752,8.239123838254004,6.957478040251974,4.728877272411084,7.744084106644845,4.947972066466834,4.797987375894987,7.850246605908129,
L0116_CfA_TSRE_S-26,-0.28264,-0.04498,1003.3816,633.3349835696414,737.3727746963814,24.059561981148672,765.8219269464066,1458.990246905585,-2.248662,-1.251995,-2.31961,4.629891,-1.628039,-3.176256,-2.034655,5.13502,5.143172,0.874377,-3.572217,-1.043263,-2.419443,-0.782532,-0.898839,-2.483692,-1.506905,-2.312212,4.62653,-1.6995,-3.063287,-1.961088,5.087954,5.164187,0.942647,-3.318258,-1.18104,-2.504082,-0.722549,-0.919266,.007274,0.002912,0.002372,0.001436,0.020391,0.006168,0.004415,0.000515,0.000574,0.000508,0.008119,-0.013008,0.100063,0.044566,0.0734,49.71425248113957,45.53829324195545,50.51088916599069,35.891185410561214,61.308138513455155,37.700159891413236,35.203418716873514,28.65214794709492,0.0,0.0,0.0,39.040673446373454,3.309992259798265,0.9304067275437943,0.4341164275065226,0.8174326779724189,0.807672148714126,0.8709059355199403,0.8511519288110324,1.635941266767397,9.953352952264868,1.9916545476532295,8.246627956802731,0.01810917194443477,0.12047921801650228,0.04033641580652304,0.26860680304923673,0.7668110890285087,5.598138455069772,0.7009779816953998,5.027057828929869,0.00277718308238889,-0.018394935545977875,0.03296538509563035,-0.018394935545977875,0.006179292631763478,0.007437878923825775,0.011817972048710042,0.007437878923825775,-0.004623341896510508,-0.0035802136154133093,-0.011367188719340966,-0.0035802136154133093,-0.006689463465224879,-0.0064715110549640326,-0.014804269243430855,-0.0064715110549640326,0.02605020460888907,0.020824140398147728,0.06321965100797572,0.020824140398147728,0.00864077908878405,-0.0011012518516898828,0.03115797404420638,-0.0011012518516898828,0.013123988360534009,0.0014102421438736273,0.043402161531092595,0.0014102421438736273,0.01207190396190274,0.00974805293659501,0.029171951774223985,0.00974805293659501,0.0021289280823238305,-0.002003133803971935,0.009879887617398487,-0.002003133803971935,0.018017273223768192,0.009718039966311029,0.04968471811150099,0.009718039966311029,0.17233861812074308,0.17012478520850527,0.3770710053993829,0.17012478520850527,-0.009844632940478992,-0.008184985390406262,-0.023490181807618873,-0.008184985390406262,0.0073760936152783355,0.008881966505316974,0.014102384690664122,0.008881966505316974,0.018557539246254265,0.022401940036633677,0.03540928949366941,0.022401940036633677,0.0852228980456552,0.1415365226683339,0.11343196022453708,0.1415365226683339,2.24303105455542,2.157256528602938,1.9980727430701817,2.054092856956569,2.4031030059695735,2.3262261682390215,77.2600120542038,100.37714037975424,169.6326927237716,95.63553616338986,107.03017113412128,70.05341811156534,170.09349208671543,100.06609621630224,89.42534660137513,87.86973201201324,3.7258095919207954,163.8828097224473,50.761580285911506,-93.60840430000816,101.39457611284635,6.7915422778340275,3.7001318216040273,9.88594210259426,7.2154601375698055,2.3909384218957856,10.05268779194645,9.44612598563986,4.270131307820307,7.588781222723828,8.877924108923962,3.540684997336413,8.168889818869157,6.377553870949177,4.885066787345668,7.578903818881864,7.667600420591825,3.9708279948597607,7.578170831951802,
L0116_CfA_TSRE_S-39,-0.27097,-0.0419,1263.1050,655.5495343392025,744.4273525515831,23.616228250683562,797.9410921716772,1494.6383312096775,-2.043735,-1.263173,-2.398936,4.612797,-1.717468,-3.23403,-1.982644,5.146784,5.161545,0.910455,-3.892846,-1.232896,-2.319944,-0.44908,-1.158007,-2.278854,-1.497323,-2.392256,4.609679,-1.78833,-3.12034,-1.90674,5.100034,5.184273,0.978421,-3.674537,-1.375636,-2.406974,-0.384777,-1.192131,.008189,0.001861,0.077697,0.025721,0.124814,0.066336,0.007426,0.000917,0.000182,9.5e-05,0.001484,-0.005865,-0.001695,0.001217,0.26427,47.96268499095149,40.1572497578902,42.452574891315614,34.00131666922352,44.1459688196067,61.55470172340408,37.333652707357665,31.189800187848387,0.0,0.009999893953134916,0.0,23.050397616263016,3.3599921428767803,0.9051726146105106,0.5276334793142006,0.83042536339918,0.7817741334327246,0.8463590197540067,0.7726949776369736,1.6745867517512463,9.935191671958346,1.9795254364850716,8.234418265668943,0.05975962813244981,0.39775509843238327,0.062324532669965196,0.41544300273883744,0.7779686790620132,5.7064657137148975,0.769315376647535,5.628592791743225,0.0024936746517820463,-0.021129823559495886,0.03704547465227184,-0.021129823559495886,0.008270976461772717,-0.022914230866066476,0.05990129721582102,-0.022914230866066476,-0.004621360221629386,-0.0016542028421584615,-0.014168835776276388,-0.0016542028421584615,-0.006722385269805092,-0.007148016161000581,-0.0142802027442993,-0.007148016161000581,0.03039366775940988,0.02468944667245898,0.07474876066294367,0.02468944667245898,0.014494890504306551,0.0036694206515329453,0.04646838429791639,0.0036694206515329453,0.015045009982013635,-0.0015919409732700757,0.055441834003973296,-0.0015919409732700757,0.012143035180789206,0.007996398660950157,0.03235733820106661,0.007996398660950157,0.0015938085779202,-0.001961347746544495,0.008266552532297857,-0.001961347746544495,0.022954494604194402,0.0036866277527542457,0.07642460373032138,0.0036866277527542457,0.18385089096952545,0.20455114780136446,0.3784553995164942,0.20455114780136446,-0.01546855772406194,-0.013250055442851356,-0.03712869573022275,-0.013250055442851356,0.00032234594011214257,5.339472266321921e-05,0.001071049181116283,5.339472266321921e-05,0.034123832654140346,0.04233329637233669,0.0644131478057941,0.04233329637233669,0.10762904958641889,0.14915102061147265,0.18229935743696107,0.14915102061147265,2.1944985729090827,2.3505903482104236,1.9757643453104423,2.051748591665168,2.293673268907322,2.2450329513394673,74.00620034229394,149.75364363373606,121.26680597071051,88.77944365431969,153.9889076723973,67.72530481411272,105.39741758716798,104.6511134406001,99.95012777581344,91.87865159114908,6.366550518545474,91.20116943560068,-29.41725809696111,-40.83258027886934,141.09203027236387,6.795972712751132,3.4762479919958746,10.389582282166554,8.051142878759784,2.4954708369741883,9.77680154588211,10.09962130260345,4.836735296087976,7.928664032513458,8.03411563335214,4.723762654895344,8.519750718404937,7.7992212156477905,4.5857753660631,7.278161375576957,6.546615042535944,4.6897638465516165,8.490259026700203,
L0116_CfA_TSRE_S-40,-0.29505,-0.04373,1254.9326,676.5136974216451,746.315052068324,23.546031821986922,828.4643505027229,1527.176745023681,-2.323508,-1.564902,-2.483808,4.566114,-1.63826,-3.090559,-1.872561,5.18183,5.196622,0.931412,-3.858303,-0.96133,-3.025202,-0.764849,-1.083639,-2.572614,-1.806997,-2.477507,4.562739,-1.709634,-2.978383,-1.798546,5.135011,5.219992,0.998431,-3.636706,-1.09983,-3.111625,-0.706514,-1.110021,.016753,0.000495,0.074209,0.024423,0.085166,0.082349,0.007042,0.001359,2e-06,-1.2e-05,0.003279,-0.009256,-0.002182,6.7e-05,0.21003,52.298895924818744,41.08414791623694,40.96353490003819,31.06223904276654,43.637039396833,37.61407902446335,38.41595661959608,27.55469952377977,0.0,0.0,0.0,46.22079730254562,2.9499931016328924,0.883607435706299,0.3864377562430116,0.7395872158032054,0.8124126444278792,0.8802646291464779,0.75803671263511,1.6215122935364816,10.010089683654911,1.9942206316733788,8.19116638400121,0.009132990162749722,0.060768414876923194,0.02756494219850104,0.18364154568072272,0.7751564961113669,5.682214550001859,0.7685558038967051,5.670981553181792,-0.005697142928610371,-0.004662781333510835,-0.01360321057337687,-0.004662781333510835,-0.004363814440663111,-0.018854442697487123,0.00873209319238663,-0.018854442697487123,-0.004259040385558507,-0.004924382157023996,-0.008366639568723331,-0.004924382157023996,-0.007566877408319364,-0.00626059782428133,-0.017982976033771213,-0.00626059782428133,0.029198933306834707,0.028535736461667405,0.06390681646736608,0.028535736461667405,0.009318854756001721,0.0014370045411212229,0.030007742380538147,0.0014370045411212229,0.006909623299684739,-0.003210614127941866,0.02760832422981242,-0.003210614127941866,0.009883375288806388,0.007639974151536125,0.024161438303067558,0.007639974151536125,0.0010423193615803489,-0.0008565181794448901,0.00463114113988967,-0.0008565181794448901,0.01554031845015897,0.006690476341733642,0.04466042351002677,0.006690476341733642,0.18841840238587798,0.1825711573218534,0.41435015989063656,0.1825711573218534,-0.007126907104451956,-0.004179833083962664,-0.01908869987443311,-0.004179833083962664,0.003391658564510909,0.00512577881576895,0.005153582729114276,0.00512577881576895,0.011986846162888656,0.018379593795386895,0.01788303773519702,0.018379593795386895,0.13551973275603585,0.14422854765772158,0.2818372610837043,0.14422854765772158,2.134817342092761,2.2489686297056255,1.9866902981843948,2.0422464923216297,2.3634669219813507,2.269238091100182,77.70207937722816,107.48223015860111,110.63823244023773,95.35596116166069,163.28679130949726,68.54364130175361,153.30484895305713,105.48395564607986,98.99272301590068,86.82933766932777,10.745480693754642,-83.22658886618821,159.19817576907226,-94.15808883738431,114.41849390741461,6.792893765321857,3.5334081515479894,10.501119760263967,8.202416205008747,2.448206019166804,13.509516634635398,9.659638177907917,4.208756894603976,10.152594315871342,11.90292346179251,4.01617375169639,8.109090639325839,6.971215897482144,4.776335597464529,10.098020815758048,9.453830751612236,4.021261828865423,8.134802583948407,
L0116_CfA_TSRE_S-53,-0.29986,-0.04556,1266.3589,671.3126900431347,742.8489724940769,23.54114824965839,827.2143228739656,1521.8723765336388,-2.373196,-1.593345,-2.423953,4.560423,-1.74815,-3.076905,-1.681566,5.183101,5.153559,0.918229,-3.886488,-1.104861,-2.762382,-0.705115,-1.126347,-2.62366,-1.835525,-2.417074,4.557207,-1.819407,-2.964474,-1.607842,5.136192,5.176207,0.985433,-3.667212,-1.244981,-2.848328,-0.646622,-1.152059,.021758,0.001681,0.129114,0.024869,0.042077,0.08012,0.00844,0.00103,4.4e-05,-3e-06,0.007249,-0.011581,-0.005495,0.000327,0.21955,50.624767433177794,38.378031807094565,45.36040788169596,33.6983010225439,49.7836229417008,59.11605964414033,39.09788113279943,27.68777615201425,0.0,0.0,0.0,45.19077953487747,2.7299936160873894,0.899016958628401,0.3942065784569512,0.8439654770778979,0.8205075941110697,0.8641562616474097,0.8074100819977637,1.6167300224909222,9.974755189158765,1.986149364585023,8.213290269796522,0.024965544532677672,0.166135560542187,0.03790109777913245,0.25239254655509064,0.7940329752081264,5.865308810562463,0.7723535325711863,5.718336731720674,-0.005785460314063101,0.0005311871671268842,-0.020509800014620404,0.0005311871671268842,-0.0030930698202033258,-0.016945900348148468,0.010795873954323514,-0.016945900348148468,-0.003665804219123485,-0.004697286688607624,-0.006637833721509464,-0.004697286688607624,-0.007659093130247055,-0.006229372445170286,-0.018396228098241117,-0.006229372445170286,0.02922454085113302,0.03059553872097376,0.0615723428239497,0.03059553872097376,0.009323413613409715,0.002156039968472162,0.029247883542629527,0.002156039968472162,0.0066171097464186035,-0.0029266749261695757,0.026387060235028164,-0.0029266749261695757,0.009974247014574965,0.008020752336669601,0.024072646640990337,0.008020752336669601,0.0011468314153773168,-0.0010471675533567648,0.005255150379457843,-0.0010471675533567648,0.015104689773943032,0.00624775184255584,0.04390471038305663,0.00624775184255584,0.18091126920359046,0.17383883584787513,0.4008079918914342,0.17383883584787513,-0.009630318952448657,-0.008801103951734803,-0.0219077150883332,-0.008801103951734803,0.006611205710518556,0.008424898846719167,0.01203001323968975,0.008424898846719167,0.012114841997489995,0.020249360028910285,0.01596848373411321,0.020249360028910285,0.13122398047078948,0.1405288064343239,0.2724951865826081,0.1405288064343239,2.1234367525782347,2.2652141162592114,1.9916134416849067,2.0495324434611906,2.369423232138995,2.3154136738604616,77.82066804660099,99.16826947416371,112.54672977893884,95.06600039249086,162.49474700776037,69.89690528640553,163.59538331736428,106.04419159913385,97.03096265425694,85.8146418623986,9.07248928262983,-84.74968410738758,151.40886666406286,-92.62770429690967,102.12278695031462,6.7889989791061165,3.730068099040712,10.483379498359556,8.147809614787311,2.4221500206546187,13.854316448423875,9.75348009551996,4.207019706056058,10.63647716535869,10.898500055022526,3.9961732238252385,8.343210616077045,8.35531448083089,4.899246709896513,9.409490801506797,8.79611567189771,3.9919304501454533,8.098662458908159,
L0116_CfA_TSRE_S-57,-0.27645,-0.04732,636.3218,630.0468969702504,741.548660054185,24.480560530467095,750.3014534279974,1436.2034671504562,-2.024003,-1.447699,-2.35716,4.623696,-1.701758,-3.038133,-1.820595,5.153154,5.147438,0.897568,-3.928888,-1.032427,-3.185202,-0.883097,-0.930378,-2.240742,-1.697671,-2.352069,4.618462,-1.776337,-2.923793,-1.745365,5.10599,5.168108,0.966669,-3.717,-1.17212,-3.280168,-0.819936,-0.956417,.003941,0.002161,0.012951,0.006421,0.017636,0.0132,0.001654,0.000232,0.000139,2.2e-05,0.002951,0.013714,0.002993,0.002552,0.03165,45.09248095634127,38.05145384407056,49.027691787311305,36.51155515480438,59.011446394376556,31.65599292990394,41.583158544540474,29.142121622760556,0.20999777301578465,0.09999893953132487,0.0,24.720426424035654,2.139994995760811,0.9187127282892285,0.5180651323145732,0.6504204714871412,0.8275426295191949,0.8493058143868804,0.8348397316436824,1.5690283240939944,10.25186576219828,1.9989375998419372,8.299276535921907,0.03268544129054839,0.21800111843066258,0.020506856186809575,0.1364392179423582,0.7792481890549865,5.71079545589783,0.6826931240024402,4.875572859553984,0.006463557884232668,-0.015629808008416735,0.047709630117816815,-0.015629808008416735,0.0055862089875722,-0.01552113717574885,0.04422830851488288,-0.01552113717574885,-0.003988228414626725,-0.0029228168085125364,-0.010741923169765617,-0.0029228168085125364,-0.005993936517599566,-0.005176342387961511,-0.01497827729673517,-0.005176342387961511,0.025698502518774924,0.020536115643574937,0.06668335240066676,0.020536115643574937,0.011451366217265224,0.0007361744744057153,0.042233563282804955,0.0007361744744057153,0.01678919123625308,0.001729035668391249,0.06095328693528379,0.001729035668391249,0.01146685838861665,0.007910168300738492,0.031619042793604404,0.007910168300738492,-0.0006485176613088561,-0.004408015066949433,0.004104230526435412,-0.004408015066949433,0.013205861569020996,-0.002725271915933719,0.054021870548775525,-0.002725271915933719,0.15256862232281637,0.17335744487360394,0.31936432084040667,0.17335744487360394,-0.0007109616668031296,0.004086224770523832,-0.008769380340855953,0.004086224770523832,0.007056792667754941,0.0042144253519403735,0.020430927678735975,0.0042144253519403735,0.02773830546366355,0.027844709332564097,0.0635280137926481,0.027844709332564097,0.12321534438132042,0.1461949586381402,0.2487107166325248,0.1461949586381402,2.5168448896386124,2.162408241405864,1.976532810099544,1.950931750369551,2.4204414199893374,2.849335463401949,73.18196485527784,109.52260604727329,104.57924539787952,94.32578653915907,172.65101565928006,93.0169071227011,100.96154494196547,90.41856777345747,144.91189616228263,87.88947153125594,-0.03967094681791393,-167.8295433330423,-96.52571378856675,-95.23072473513346,116.4704417329055,6.7918543767266115,2.4367085793191725,11.277030062069148,8.759575057588242,2.282167356775467,10.465268223403163,10.26496910243346,3.9235471842946854,7.662257523011801,9.593148874387445,4.534296900885181,8.26714105503021,6.445158337193371,4.700265274334618,7.211888388687319,7.151505587015785,4.6591031927045155,8.231709181342453,
L0116_CfA_TSRE_S-87,-0.29948,-0.04474,1266.4533,680.614030002176,745.777181584131,23.471961305682093,837.0241385387438,1534.671252056699,-2.367909,-1.584418,-2.402138,4.563331,-1.727669,-3.069409,-1.618966,5.188255,5.157151,0.913837,-3.879151,-1.189734,-2.852712,-0.72857,-1.081782,-2.617396,-1.822267,-2.395302,4.560082,-1.798958,-2.956775,-1.54444,5.141503,5.18025,0.981423,-3.659919,-1.330456,-2.938431,-0.670159,-1.108511,.022302,0.002293,0.112598,0.021165,0.035527,0.062608,0.007916,0.000964,0.000217,0.000162,0.009194,0.003463,0.003554,-1.3e-05,0.19065,50.600881286371475,38.27371017545478,44.30933372643981,33.79199822747293,51.008504425776046,54.071185864790216,38.184262906813295,27.847184239109257,0.0,0.0,0.0,44.14076142220605,2.7299936160873894,0.8919586284010436,0.399931280283265,0.7820012579202386,0.8199834606783452,0.8542501397689154,0.7752981736861722,1.6179448322207897,9.972718412387614,1.9904592485607904,8.205486262782898,0.02381797059287363,0.15853812657002306,0.03648874494746425,0.24295091192836565,0.7860841219525788,5.785869362789648,0.7696988382831706,5.692036509645271,-0.006339463834505427,0.000736443408837606,-0.02271572173728022,0.000736443408837606,-0.005258828947639821,-0.017837415454631994,0.004535915821681068,-0.017837415454631994,-0.0037283601781454706,-0.004665040816216652,-0.006898678733896602,-0.004665040816216652,-0.007665768880163584,-0.006078627721765498,-0.01863620266571445,-0.006078627721765498,0.029081145876083292,0.0302430001925858,0.06159614358946109,0.0302430001925858,0.009027129540314593,0.002037914250028555,0.028434623475369347,0.002037914250028555,0.005658833753059242,-0.003339607541675768,0.023676051874311075,-0.003339607541675768,0.009956662260988701,0.007993032351002835,0.024081607396906738,0.007993032351002835,0.0009623902099814008,-0.0011758200658811696,0.004796889346566435,-0.0011758200658811696,0.014694215074692915,0.00579912509143804,0.043140192260068544,0.00579912509143804,0.18165981724314867,0.1706434921831425,0.4079283071291834,0.1706434921831425,-0.010210404692568755,-0.009645389002779729,-0.022859443293559586,-0.009645389002779729,0.007387932068589835,0.009467496781810497,0.013386854937763554,0.009467496781810497,0.013265066518001328,0.020330602811121395,0.019813951987909372,0.020330602811121395,0.13125584771527976,0.1388123741731303,0.275079447051719,0.1388123741731303,2.122760178022944,2.292613065041722,1.974932090250194,2.0493057110641155,2.3568162414155247,2.324687984160455,77.43493508144148,101.04002802151044,113.05717269177721,92.87390775357478,161.4550200800639,70.54622123651454,161.35211197175872,107.12818870313042,96.83923079850564,85.83947123129707,7.682355884259806,-84.52836486846789,153.77398411171026,-90.81673244639222,104.7166907589432,6.789126178485638,3.6966116187300906,10.512513222673451,8.14791850459721,2.4078588503147227,13.846375203624072,9.768952861951737,4.213287231900366,10.67290315169564,10.844110061856489,4.01295946068065,8.50160233920864,8.153483623751002,5.818977965328161,9.573931236062622,8.835491784773387,4.005390806196678,8.048183505227943,
L0116_CfA_TSRE_S-89,-0.2812,-0.04386,878.1318,663.4401079869683,746.1180392868764,23.765415987125518,806.6514803253679,1507.6119941533573,-1.993692,-1.511878,-2.305335,4.626581,-1.71149,-3.033979,-1.769229,5.189484,5.173721,0.911928,-3.941421,-1.036466,-2.840212,-0.563418,-1.081052,-2.229568,-1.751757,-2.299067,4.622328,-1.783273,-2.920829,-1.69471,5.142699,5.196123,0.979644,-3.720514,-1.17883,-2.92972,-0.500019,-1.110378,.005298,0.001062,0.001856,0.000649,0.00895,0.000605,0.001354,0.000136,0.000125,0.000113,0.013189,-0.001445,0.269898,0.081899,0.02153,44.41063768770146,48.23486487950077,35.796111691547715,31.464611042745982,39.74095635189853,40.03066417872428,51.54691713050926,29.32306371467265,0.5299943795160412,1.9699791087671656,1.3799517931172811,38.14065792122653,0.0,0.8565970928065598,0.4354908218412225,0.7293433190458442,0.8590838147595975,0.8244735370853522,0.734829248975028,1.5765937071675518,10.171196853622972,1.9982156915392462,8.23266486980828,0.004333169392193544,0.02883529679546408,0.02228363741856385,0.14842354160270804,0.7664254762486238,5.599794822662576,0.7431668305372465,5.403244184565794,0.0018252846693303793,-0.02453599694045583,0.038928890680316505,-0.02453599694045583,0.00464711812447946,-0.0191991128400521,0.04181342482810149,-0.0191991128400521,-0.0058141445243855075,-0.003978257415054844,-0.015236773535275071,-0.003978257415054844,-0.007145959316013251,-0.007139764312059843,-0.015747131898629887,-0.007139764312059843,0.028783746174931513,0.023429830091670212,0.07048589084166254,0.023429830091670212,0.012375620461322734,0.0018915000911857716,0.041140733680821925,0.0018915000911857716,0.013171232043401385,-0.0008174577012852319,0.04753396049187322,-0.0008174577012852319,0.01073136608433821,0.007986030189826021,0.027271251730395223,0.007986030189826021,0.0022642884910352434,-0.0005752181820917607,0.008747274121324398,-0.0005752181820917607,0.023494885054174963,0.007998753222986307,0.07226795603991454,0.007998753222986307,0.1846207006326468,0.2179713679388141,0.3624615237166202,0.2179713679388141,-0.01013925360104009,-0.008549333571518998,-0.024437077812258328,-0.008549333571518998,-0.00034216473639256395,-0.0027725267003997356,0.002464771535280511,-0.0027725267003997356,0.018382876554583705,0.02321040243806921,0.03409535226993156,0.02321040243806921,0.11070621569643452,0.14974221563912035,0.19213660303138388,0.14974221563912035,2.2067909828300456,2.2319050465465593,1.972406216934027,1.9974512314196808,2.3253865177858066,2.2608451616375675,76.65122729222963,152.6377166147084,106.15392754729878,102.45954634794009,167.78789543673543,69.42783996440765,110.49467633300564,103.22675086245646,96.84553458828937,88.05259582209838,6.125132905441654,-50.62194516268676,-152.27667282980735,-102.38764391267365,166.21365615277475,6.785031943226157,4.015745876498366,10.89777774278394,7.710636398196951,2.459294618574205,10.921985570307598,9.94140392422233,4.10049538410628,7.8488454115371376,9.486273101080227,4.162759420260768,8.355561851030663,7.889605022920062,3.900744830572775,7.973544603786857,7.3521733889783345,4.802402287389437,8.358054522965116,
L0116_CfB_TSRE_R-0,-0.28945,-0.0419,1278.0360,661.5204853354069,745.8833462281127,23.462566733306474,817.1333669716581,1504.68861844911,-0.896961,-2.223009,-2.267643,4.60884,-1.614815,-3.141487,-2.058864,5.159705,5.180838,0.894716,-3.769132,-1.203721,-3.209459,-0.604279,-1.153128,-1.139541,-2.469709,-2.260785,4.605433,-1.686281,-3.029224,-1.984911,5.112882,5.204102,0.971743,-3.515809,-1.342545,-3.294676,-0.539721,-1.170591,6.3e-05,0.000392,-0.000229,0.00046,0.003396,-0.001616,-1.6e-05,-1.2e-05,0.000112,0.000154,0.004347,-0.009182,0.227812,0.088522,0.00773,50.90241711218545,43.11609688524005,50.68387661426457,36.765199485912376,61.762259319721494,51.90808676080782,37.15282041309971,27.43306810838002,0.0,0.0,0.0,42.55073399444648,2.5199941071575895,0.9474119455833023,0.41588240775251584,0.7584967853149459,0.798255218039508,0.8325917815877749,0.8548441576593365,1.9916055684034055,8.178421425082172,1.6253435654303672,9.953180837721131,0.032392355681548295,0.21559784354400924,0.030870637304600775,0.20561236381591894,0.7774672072177325,5.699256716318468,0.7170457671813371,5.192547381827383,-0.008916029350272803,-0.02426048416322535,-0.0001540939183936746,-0.02426048416322535,-0.008252413758343957,-0.002173166145276434,-0.02530915389952293,-0.002173166145276434,-0.0019147068249727173,-0.0025150929668742786,-0.0033769661449167673,-0.0025150929668742786,-0.006873851118387023,-0.006783777656724693,-0.014909711206023713,-0.006783777656724693,0.027989491358375695,0.02867485770103828,0.059404997600715374,0.02867485770103828,0.01063039001680266,0.0024011604256345964,0.03309624571622645,0.0024011604256345964,0.00598562981469912,-0.004917257665190827,0.026414681040049574,-0.004917257665190827,0.011624135582777681,0.008007131971106723,0.029512470752677152,0.008007131971106723,0.00307670820765113,0.0007039588834306942,0.009567735189185795,0.0007039588834306942,0.012818662320766366,0.005902993386104949,0.03617719496197738,0.005902993386104949,0.2071088782627915,0.18153311503086725,0.47759726197425645,0.18153311503086725,-0.010655054222560013,-0.008929092961503304,-0.025079736994707467,-0.008929092961503304,0.0009161419325251358,0.0049463680711212404,-0.0030286623817296103,0.0049463680711212404,0.03238857635572279,0.03978630237941053,0.060546237024804876,0.03978630237941053,0.07742528805621413,0.14455522725793318,0.08338177650276252,0.14455522725793318,2.2412561630924746,2.163078315410702,2.0130206519805007,2.064318343085678,2.4578795052239646,2.261566702553785,77.41889381784897,95.38536470335735,152.06952393392712,93.39972391040095,123.52904915063637,67.3619999977932,175.84500827691951,112.14948124363889,86.61622656726983,83.46856516460025,-4.816693207955471,23.856108345389785,-109.93225167613444,-97.85960765513548,99.29281508678464,6.792802841866994,3.0398797277609457,10.907482262018831,9.032853260419472,3.0436329710080994,10.652126801054232,9.279944477672167,4.233654492507677,9.337702611560653,11.127511839138364,4.754280544694124,7.644106533458771,6.713579686961733,5.768389411258117,8.814592163409113,6.1955800222706685,4.508903088035577,8.997531368625584,
L0116_CfB_TSRE_R-25,-0.29053,-0.04106,1377.2044,668.3224121893171,743.3437095777441,23.805223817161288,814.4535245456724,1508.0069305138636,-1.40841,-2.165428,-2.352245,4.641328,-1.529551,-3.233421,-1.944295,5.141983,5.175725,0.903505,-3.809191,-1.234834,-3.145685,-0.705674,-1.135752,-1.645849,-2.401812,-2.346628,4.637332,-1.601751,-3.121305,-1.869379,5.095248,5.199722,0.980276,-3.571965,-1.374157,-3.230322,-0.64435,-1.154193,.166947,0.017831,0.006905,0.003735,0.009292,0.013279,0.067912,0.005616,0.021373,0.000853,0.033784,-0.011031,0.082438,0.050725,0.01612,40.58475606303875,45.69410445290342,48.18909687684131,32.87411363423255,58.83763851684812,39.08300806712458,34.86148271676282,29.665291281575392,0.049999469765662434,0.0,0.0,34.080587885563716,7.239983069770218,0.9275705833022736,0.4601250931792769,0.7206601751770406,0.7612164554603056,0.7741741986582185,0.8602194371971673,1.9828002729769334,8.15984108197323,1.639728782382991,9.979239599300442,0.03143471162480265,0.20938059845040838,0.04096390763683344,0.2729646504358758,0.7779945944158821,5.705768204716638,0.7052555930198187,5.085880157552356,-0.00936972804890071,-0.020881045233503787,-0.005815975397175283,-0.020881045233503787,-0.0103396303345622,-0.0038145521822666173,-0.03051095619801768,-0.0038145521822666173,-0.0014443020872569531,-0.00215449949716201,-0.0022299914911418296,-0.00215449949716201,-0.0070952425936729735,-0.006771608336252344,-0.015732159617817935,-0.006771608336252344,0.027576665426419955,0.026166761056856336,0.061335792774152006,0.026166761056856336,0.012284142111231133,0.002195210245642343,0.039176913689337026,0.002195210245642343,0.003948966472929152,-0.005140656866763432,0.01991970869889456,-0.005140656866763432,0.011603069699052782,0.007830548066371477,0.029791155068372835,0.007830548066371477,0.0027373509218315273,0.0007534958017807319,0.00839883124371423,0.0007534958017807319,0.013511568148180997,0.006766641102256818,0.037638225768360706,0.006766641102256818,0.20359100481737613,0.1714904948403325,0.48000529499421746,0.1714904948403325,-0.008214878735026042,-0.007407437665636344,-0.01875693540699253,-0.007407437665636344,-4.055190996703206e-05,0.003266319676893184,-0.004231155709569976,0.003266319676893184,0.03478195543089674,0.04160507771410505,0.06658404807155953,0.04160507771410505,0.08204016578023282,0.1399836648585076,0.10461331336190119,0.1399836648585076,2.2994689781338646,2.200898203279743,2.00444494396828,2.0783362017970046,2.418367859094228,2.2561577583803842,75.91394559503993,95.55342945969154,160.18008756324363,103.86352805531331,116.31592524534459,67.06325196255808,167.18642778166657,111.82278126677525,82.91400001792132,88.15188555293336,-10.88166979951761,56.745182841744516,-68.10675081862955,-114.19226951946122,101.26317966951112,6.80651128460067,3.5837192719078934,10.26507135323105,9.262599644608315,2.5742519971044246,10.00662150590517,8.333448755300216,4.712207973890292,9.244115067588277,11.570388535449625,4.945161641161318,7.857524781352618,7.460740225992995,5.416617581243168,9.4959475764544,5.838861080225156,4.911829819556477,8.999776124051214,
L0116_CfB_TSRE_R-36,-0.3022,-0.04517,1120.6549,659.5433222181731,748.3220169849283,24.32054823243442,770.5409876750939,1475.4074020280311,-1.034149,-2.242465,-2.312441,4.585161,-1.715895,-3.210355,-1.956668,5.146812,5.199608,0.904518,-3.930511,-1.249583,-2.999886,-0.774877,-1.285099,-1.278689,-2.483139,-2.305551,4.580471,-1.787768,-3.098293,-1.883025,5.100063,5.222697,0.972583,-3.704302,-1.388306,-3.092693,-0.711567,-1.307098,.007888,0.004776,0.039774,0.009642,0.05888,0.03546,0.005756,0.000765,0.001014,5.9e-05,0.004803,-0.011316,0.01048,-0.001483,0.03993,42.81608462127709,40.181020110578224,57.20266085025166,34.446217377224905,52.27278559603101,41.14577368744605,0,31.961529786458417,0.0,0.0,0.0,25.570441086674414,6.739984238984976,0.9094763324636601,0.5086773201639955,0.7380672288483041,0.7808598117778606,0.7778081904584421,0.85109951546776,1.9958136021327861,8.176562799165495,1.5725337205445356,10.149564401565936,0.06017533466228867,0.4007454683042003,0.054589818463024194,0.3633717885331569,0.8005377931753245,5.920088228009745,0.7083195410295083,5.103259380258093,-0.005893126432528845,0.0062956320434749136,-0.02932976741078179,0.0062956320434749136,-0.005224170923156718,-0.015277132951303035,0.0018999139637461415,-0.015277132951303035,-0.003899652109009881,-0.0023026188121251304,-0.010755771136999876,-0.0023026188121251304,-0.0052792196884851594,-0.004993271416267389,-0.012051339595825173,-0.004993271416267389,0.027557508651373408,0.022583929955065418,0.06756412735164281,0.022583929955065418,0.007221240864587475,-0.0003997738785842808,0.026155421421559716,-0.0003997738785842808,0.00771165883127356,-0.0011566499985926765,0.028907820645282977,-0.0011566499985926765,0.01218681263468991,0.009792595521015385,0.030139511105170963,0.009792595521015385,0.0017752351640052538,-0.0013098146675872419,0.008050503344805117,-0.0013098146675872419,0.017140580113864948,0.012878363604920368,0.043587682005588796,0.012878363604920368,0.19912651629347888,0.15393746808059305,0.5005824341846742,0.15393746808059305,-0.009118149617710819,-0.007132037527046234,-0.02281084421350679,-0.007132037527046234,0.0010292601087909803,0.003233474598473514,-0.0006734003281438396,0.003233474598473514,0.04036928768711639,0.04067720253452539,0.08881780722874016,0.04067720253452539,0.11427672495675295,0.13397891333689357,0.22623581045413885,0.13397891333689357,2.24175780600849,2.1996536430538334,2.020585449937715,1.9901289938845672,2.36969498803116,2.2675987322716513,77.32185575196682,87.992292183995,123.76579838522116,96.57049085587049,152.1185677039093,68.85327366076963,170.81422993518902,111.38727082414606,84.42071193064106,86.8244223549271,-2.3428942232901,91.36234133770655,-42.9976156540789,-98.87348054417292,87.5892679816321,6.783067041098484,2.2537560711161686,10.837050074173446,8.382093434210265,2.6311339172949806,9.972956397193713,8.998795309530566,4.729962692373626,8.21588624192223,10.511985624001019,5.309366824394049,6.991879653129372,6.93799335714246,5.709687262892397,7.9713981452463685,7.179255515879937,5.101269355219694,8.173770035707753,
L0116_CfB_TSRE_R-37,-0.2894,-0.04218,954.3957,651.9128452532755,736.1544929050586,23.699900046047496,794.8341620136825,1486.2590574659384,-1.016709,-2.306256,-2.408645,4.588011,-1.715115,-3.055204,-1.824899,5.157135,5.175442,0.881385,-3.741163,-1.102084,-2.445844,-0.537881,-1.3149,-1.256178,-2.544554,-2.401519,4.583592,-1.786885,-2.941652,-1.750255,5.110325,5.197494,0.949348,-3.507175,-1.238495,-2.529061,-0.477827,-1.337265,.001796,0.007877,0.061456,0.022343,0.098059,0.075848,0.010104,0.001682,0.00025,4.8e-05,0.002254,-0.014667,0.035796,0.003697,0.05434,45.26278941216804,38.904055501688156,46.78594014065579,33.54103070217237,55.837588494081764,41.24147379201192,36.75295926708624,27.566956871799082,0.0,0.0,0.0,40.330695699084046,3.069992821021347,0.9360964871412598,0.43116380916884084,0.8257722232575475,0.8107295937383526,0.8037236768542676,0.8363189526649273,1.9751632675125093,8.311579588704676,1.5839118693611756,10.0886237153726,0.03930866301965244,0.2615230699413548,0.05044940739709413,0.33603594613574533,0.7951543488872532,5.866005359586975,0.7623730200722632,5.577455702468357,-0.002725656148681199,0.0020638068226379314,-0.011155020358390758,0.0020638068226379314,0.00044135509543236084,-0.01866682018975835,0.022696425950115815,-0.01866682018975835,-0.003904474291453984,-0.0027883635516640706,-0.009433283403712842,-0.0027883635516640706,-0.005165688421719855,-0.005857183964711424,-0.01000980509346525,-0.005857183964711424,0.026015234634133466,0.021220890902189538,0.05984246978328779,0.021220890902189538,0.008263441712716563,-0.0010434597126024736,0.02787822303488749,-0.0010434597126024736,0.012506592168590444,0.0012704388073430384,0.038946015318957465,0.0012704388073430384,0.011406201981777574,0.00971608363940802,0.025768127038860722,0.00971608363940802,0.0019153941000666364,-0.002442766570426455,0.008969869399363476,-0.002442766570426455,0.016799364204991826,0.0101369929799833,0.042707288983358835,0.0101369929799833,0.20496399183554925,0.19414996818058222,0.4407560698254839,0.19414996818058222,-0.010286860324591422,-0.010714696703919193,-0.021014961786838714,-0.010714696703919193,0.0031852878586139458,0.003538044885850758,0.006256195190027502,0.003538044885850758,0.015667392438898364,0.017622459795195056,0.030521526741705652,0.017622459795195056,0.0862332013553801,0.15465565355516547,0.10228433444966278,0.15465565355516547,2.2779405018129864,2.22083507595679,2.024526181060645,2.0840502223794894,2.3976112179834326,2.3065869667107717,75.2032553765011,106.25691314637403,101.97707419957388,94.52447744107224,161.36944606339569,68.2886974944627,167.04163829009553,100.19629760426264,81.4047286081411,97.5866867135823,7.128938559404739,-42.61590597417304,-121.78111053554402,-91.65932773082584,108.73830876175074,6.789055661162345,2.2234905139600603,10.441722131693298,6.7119134797344175,2.523466308379545,10.578307125503596,10.740978320700755,4.257014849756578,8.391625309910168,8.37799379861347,4.34139487884386,8.310899469077631,8.003157876378985,5.2984266352625,8.7751427215298,7.419294426702972,4.330992783105854,8.837942356511382,
L0116_CfB_TSRE_R-42,-0.286,-0.04158,1044.0118,644.9002483140139,738.7830557197121,23.632094300546655,794.8946091890084,1480.585905330519,-0.926008,-2.429531,-2.228278,4.607887,-1.710564,-3.152479,-1.791058,5.185704,5.149598,0.88347,-3.698977,-1.085672,-2.685028,-0.761576,-1.193985,-1.173193,-2.668715,-2.220742,4.604155,-1.781696,-3.038788,-1.716821,5.138834,5.171723,0.9547,-3.452985,-1.222691,-2.765833,-0.698851,-1.212718,.3e-05,0.000531,0.005515,0.000804,0.008595,0.001097,0.000168,2.4e-05,0.000128,0.00063,0.001825,-0.016629,0.03163,0.008011,0.01808,44.12921376929971,39.51479451575642,47.457321465026055,34.367315566582775,51.92734189282255,42.10554252007365,40.94497434797397,27.706634257868362,0.0,0.0,0.0,39.18067586139631,1.3499968431201357,0.9360906634364518,0.4358577152441297,0.7936020778978755,0.8096114424152069,0.7897700801341782,0.8553275251584048,1.9841088453779399,8.284381341006272,1.5920372762852422,10.072474516428075,0.022179175606689635,0.1474274388068283,0.009525486210581502,0.06347846243901979,0.7936914626135417,5.850871041714677,0.8172233238835152,6.093054980763251,-0.0006133676529799514,0.0035614356610905173,-0.005793227684224109,0.0035614356610905173,0.0023612571576716312,-0.016716430560023005,0.025565371934529173,-0.016716430560023005,-0.0026590707897332366,-0.0008298114962880937,-0.007452920780096052,-0.0008298114962880937,-0.005174863394003665,-0.005777013913139548,-0.00998590991421221,-0.005777013913139548,0.02533378951517673,0.02123939890620158,0.05653150525700547,0.02123939890620158,0.008194933719515102,-0.00013085810208285364,0.02588732683975168,-0.00013085810208285364,0.014347860783724284,0.0007490191872853991,0.04426222296212626,0.0007490191872853991,0.012711756657667876,0.010317574569641538,0.028734675566130984,0.010317574569641538,0.0036206683220381536,-0.0005379372936855226,0.011958700677143086,-0.0005379372936855226,0.015869012997912893,0.009961062665130943,0.03904056351193635,0.009961062665130943,0.20922081701245043,0.19949223109650022,0.4407225412985147,0.19949223109650022,-0.012941240543530512,-0.011958629670099738,-0.027674107211289482,-0.011958629670099738,0.0012788114136077292,0.0026942218510495816,0.0010926975809206455,0.0026942218510495816,0.01679436269115614,0.014725371475291266,0.03677555256088059,0.014725371475291266,0.04773337159765939,0.14088129607716005,-0.0029801104704578196,0.14088129607716005,2.189672461830764,2.234121086915389,2.0402893501412978,2.130254901766453,2.477117193412536,2.213469769434405,75.41228212401042,92.90078955803723,101.75784303894741,117.49619269887799,176.67966181230673,64.06817246547183,160.055120291646,96.1604254741762,93.85780498921707,82.38849452408692,-4.104254234477868,-69.6730917996535,-38.32979027595223,-125.30774476694565,92.55894516197226,6.789031541944148,3.3517210249045277,11.013762043632155,7.466882438066894,2.485447574825146,12.01953798324584,11.171630417817612,3.874598874086884,8.43614410802695,9.610486775145075,3.9986993592512348,8.98448105119444,6.782895501637324,4.906926085184768,8.70889578653692,7.49133078577432,4.0249034037143,8.950869178219117,
L0116_CfB_TSRE_R-43,-0.26507,-0.04276,511.6659,622.7514808486211,738.525442027783,24.29162816416066,746.1416350084902,1430.3353077035697,-1.377626,-2.188492,-2.297404,4.640233,-1.621422,-2.864608,-1.899834,5.148145,5.17514,0.870011,-3.779257,-1.144098,-2.993763,-0.773075,-1.216849,-1.614829,-2.423551,-2.291434,4.635988,-1.693678,-2.750764,-1.82497,5.100871,5.197823,0.940439,-3.531642,-1.283011,-3.079328,-0.711151,-1.242964,.000277,0.001908,0.014512,0.006061,0.016008,0.007688,0.000913,0.00017,0.000197,3.5e-05,0.000738,-0.016032,0.06132,0.021404,0.00799,47.084978953627015,43.46526903724245,58.41212164788211,34.890614786390465,58.39459486208904,43.46564777597144,37.18390061841636,29.24556232497091,0.0,0.0,0.0,32.530561147810666,6.649984449443639,0.9377562430115542,0.4836528606038017,0.7564410175177041,0.7476646943719717,0.8914636134923593,0.9044795937383526,1.9931135043949868,8.378149306031519,1.5987211140618736,10.085327030467342,0.052345088239882244,0.34839323757756396,0.043573228228373506,0.29013938750024626,0.7843367936833207,5.761457524279254,0.7367407713627201,5.3489616290917255,0.011309162166023512,-0.0059141536625281765,0.04615406897816032,-0.0059141536625281765,0.005270143725368215,-0.02130828088811454,0.044865324952009664,-0.02130828088811454,-0.005357028880686496,-0.0026707265494198065,-0.014973206128489944,-0.0026707265494198065,-0.00549716747886142,-0.00592244898411938,-0.01135895278625675,-0.00592244898411938,0.02593926569251126,0.020813494371962227,0.06257887457336699,0.020813494371962227,0.011841987680892424,0.0012821642104156317,0.038917640888703996,0.0012821642104156317,0.011994816764626506,-0.0010221449121994575,0.04234185170923388,-0.0010221449121994575,0.010098318730230343,0.008032785243689188,0.024450526514044453,0.008032785243689188,0.0016520081155661642,-0.0010392233574099824,0.006962750817692847,-0.0010392233574099824,0.024574264043416047,0.011779313760823931,0.06928085558662693,0.011779313760823931,0.16958558993574008,0.2093607460849103,0.3168604588680364,0.2093607460849103,-0.010244003771164759,-0.01517354243809253,-0.015958973302127755,-0.01517354243809253,0.005091813876939105,0.004794685178279592,0.011391389834424014,0.004794685178279592,0.036194743050294124,0.04353342642315368,0.06907623552223315,0.04353342642315368,0.08348541215712862,0.1424542227750589,0.10639824539841175,0.1424542227750589,2.290248039427171,2.254669186421813,2.02561499769823,2.0682120426107184,2.354714367412744,2.2695384550388216,74.73571929190312,171.17970602437546,120.43557854952688,96.5031147905838,154.24033348119417,67.32681678464982,93.8910720682995,113.00055030801775,86.77285915563178,87.06213993106348,-3.6934112418240788,148.58955374509497,27.59533019089291,-12.805344674144425,-175.65878407653435,6.791712998674604,3.3216306448247077,9.430192251246563,7.274028317872457,2.803515035042912,10.09539202262461,8.806239483425223,4.525866954544852,8.563293433745388,9.554654043159678,4.149012622287866,6.84924194211025,6.770607945454456,4.546095432896513,8.513522788198413,6.597797396581778,5.260170451102715,8.140546335045558,
L0116_CfB_TSRE_R-49,-0.29722,-0.04742,1101.8512,664.0433114067197,745.0107418723037,24.005649799556075,792.2111444350351,1491.2332021888492,-1.280906,-2.483494,-2.541385,4.565637,-1.915506,-3.226814,-1.626807,5.129545,5.157536,0.889184,-4.048091,-1.05929,-2.625943,-0.764878,-1.392715,-1.529497,-2.721308,-2.534202,4.561879,-1.98712,-3.114225,-1.553215,5.082785,5.180303,0.956622,-3.826825,-1.197019,-2.713873,-0.700532,-1.415654,.092304,0.007273,0.00182,0.001211,0.006569,0.017652,0.040522,0.003084,0.002752,0.000152,0.02543,-0.006353,0.321002,0.029197,0.00551,40.150135343956926,38.21462269560963,48.10889775802526,32.30602414764107,52.11791879813668,38.49218894670262,0,27.693057525320523,0.15999830325012224,0.0,0.0,41.810721229325665,0.0,0.8610696980991428,0.3941599888184868,0.7653105199403653,0.9049047241893403,0.751723816623183,0.7995539042117034,1.9958538574465567,8.203018291180285,1.5775816855069134,10.143289062802474,0.037680985511386995,0.25077415653495927,0.04115130632497171,0.27391159279767074,0.7831108141012996,5.7522924686662344,0.6893534091446517,4.968924081896054,-0.0007473688963205993,0.005950439812098862,-0.011334526380763734,0.005950439812098862,-0.004166183191494033,-0.016607264041349712,0.008452505095873641,-0.016607264041349712,-0.0037926462168554817,-0.002597191363361777,-0.010324730805380164,-0.002597191363361777,-0.005489423524281195,-0.005191181255097432,-0.01288298456230036,-0.005191181255097432,0.0267451504082048,0.021429313477309753,0.06832649255758197,0.021429313477309753,0.006325693301770047,-0.0013140851604575843,0.025345603157668276,-0.0013140851604575843,0.009835828101894192,-0.00017069791596731332,0.036715040479279606,-0.00017069791596731332,0.011633096902234755,0.00940885218712316,0.029592806129893248,0.00940885218712316,0.0014925332262056001,-0.0020941578183061305,0.00854778411354909,-0.0020941578183061305,0.016745367178110877,0.009570276813608142,0.048315824450987796,0.009570276813608142,0.19264631645169428,0.1519708711282718,0.49559098147327646,0.1519708711282718,-0.00746481731752608,-0.004922447108333918,-0.02059411196836425,-0.004922447108333918,0.007300913333453708,0.0074686954579160705,0.01632201846386993,0.0074686954579160705,0.018976674584568157,0.02129285467949961,0.039718838964952534,0.02129285467949961,0.12279630179392953,0.1418567640398173,0.2511558367512844,0.1418567640398173,2.1649954685633874,2.2083575355680063,2.0079907308052993,2.0111939490014383,2.4022386647666796,2.3182422263646223,78.5051286746213,94.88014804249323,122.9584270045589,99.45252338735307,156.084613094302,70.45069835275127,171.06172584292847,100.66136611931113,89.22262851956435,89.13657109384154,6.714940102722701,-58.372900425435475,150.43759585822067,-99.52184651305825,95.7336780282424,7.193767677239299,1.936697367073935,11.594902314516446,8.75989879957144,2.7015914759696393,9.973472014611767,8.501749890615441,4.030610358942429,8.228286206468104,10.848584262824064,4.158406922165289,8.222942594338985,8.551325744129093,5.217747056432334,8.096302985105938,8.068543253006053,4.502300905639812,8.093953084743664,
L0116_CfB_TSRE_R-53,-0.28915,-0.04265,1111.3609,651.2395164297353,742.247541764465,24.083512719953312,775.6114488350369,1477.8998290912925,-1.304575,-2.145042,-2.317316,4.627581,-1.654729,-2.96592,-1.89958,5.137605,5.174782,0.90095,-3.830131,-1.067178,-3.141993,-0.432802,-1.215695,-1.544819,-2.391025,-2.310314,4.624116,-1.72634,-2.8533,-1.825652,5.09073,5.197514,0.978055,-3.580261,-1.204258,-3.226266,-0.369712,-1.234764,.000151,0.000919,0.002782,0.001308,0.011325,0.004433,0.000452,4.1e-05,6.6e-05,0.000143,0.000331,-0.026139,-0.00111,-7.5e-05,0.01151,52.649069939836494,42.88262127014696,52.98605947410161,41.356655411609864,61.43869038231961,42.01844686931674,34.82383066656379,32.86245820743402,0.0,0.0,0.0,19.040328443108365,4.209990155211683,0.9466839824822959,0.5724119455833023,0.7751059914275065,0.7664985557212076,0.8561428438315318,0.8472675177040626,1.9883947675172229,8.219101169546667,1.6075951811449887,9.994106878413342,0.04101240212197002,0.27297044290041245,0.03708008561862413,0.2469460081801444,0.7944281694186786,5.8604030843892145,0.7086550466570742,5.139438671733206,-0.003177556296796835,-0.02185331470392171,0.015725882129314764,-0.02185331470392171,-0.005581651056389442,-0.0009374441116524468,-0.017487024331836753,-0.0009374441116524468,-0.002399606918857239,-0.00256235350810001,-0.004916771667873469,-0.00256235350810001,-0.006809411037669341,-0.006550040491372325,-0.014821153794366866,-0.006550040491372325,0.02988170274159735,0.02973587294347002,0.06384421872498973,0.02973587294347002,0.01177750182751916,0.003139819427211782,0.03549886433736372,0.003139819427211782,0.008896017621972091,-0.004568363993540672,0.03517342085271081,-0.004568363993540672,0.012508564225805527,0.008001822847923432,0.032080521479034584,0.008001822847923432,0.0040218698368827965,0.0006862123209937232,0.012587379202535635,0.0006862123209937232,0.01862860250251295,0.0063179684012164145,0.054520743485187116,0.0063179684012164145,0.21052634716337293,0.18077234610179105,0.48440653764714997,0.18077234610179105,-0.008466902191231324,-0.008537584521013108,-0.01795517687502565,-0.008537584521013108,0.0035777129771406915,0.0032015896641291453,0.008076053538621574,0.0032015896641291453,0.03593490308642363,0.03918869277511868,0.07264661422258739,0.03918869277511868,0.09074409046429488,0.1459075027828079,0.126899059790809,0.1459075027828079,2.2590473993035203,2.184099916052377,2.0422090424097137,2.083831158707442,2.3998410540908743,2.2570951390891794,76.57515888324124,96.54245254076609,149.18865434280735,90.64822070603655,126.46927496216215,66.31897698876482,169.47915025908455,111.78547464742486,89.51775717091328,82.37687602822378,-2.1036957422036924,32.10712182515256,-100.40171328838503,-94.35534799521808,101.48183767713854,6.789732207454556,2.898816148788052,8.790648536649982,6.463476581814799,2.943613194198975,10.728934277925218,9.572675708231023,4.9194672742622885,8.32620390047218,8.711131990064278,5.735405140578832,7.604024125552719,6.742958062493922,4.698306440508768,7.611344518904417,6.056204127060447,5.176591867948946,8.418689491108978,
L0116_CfB_TSRE_R,-0.2799,-0.04312,1334.3358,681.1160374142119,746.2095026025528,23.37506623254763,855.2533672449721,1541.8189238263817,-1.560446,-2.265035,-2.324522,4.662504,-1.555087,-3.062649,-1.975071,5.143856,5.15848,0.887209,-4.058117,-1.233278,-2.401462,-0.537986,-1.278167,-1.79837,-2.50019,-2.318336,4.658785,-1.627238,-2.949465,-1.900334,5.097122,5.180836,0.963366,-3.840084,-1.37532,-2.49113,-0.463651,-1.307685,.155866,0.012473,0.003741,0.001426,0.008252,0.018622,0.073362,0.006688,0.014051,0.000647,0.031848,0.015649,0.004219,0.002043,0.01366,40.35252456334947,41.83374645287303,43.34596233214384,35.08145100069978,42.37823256387758,37.86724850679351,0,30.233462973679014,0.0,0.45999512184410896,0.10999615742239932,28.740495769691936,0.0,0.8785058702944465,0.4839964591874767,0.7316669772642564,0.8872763697353708,0.7786875698844576,0.7916220182631383,1.987048034928975,8.271933896441915,1.6082325554756873,10.043963722242086,0.03447123528063521,0.2295147299161361,0.03362290554029727,0.22393011975724825,0.7796711289881015,5.7277657308929255,0.754824826486001,5.524136678959402,0.0018137902019472463,-0.018932250479175433,0.030457295640617926,-0.018932250479175433,-0.001034627981966213,-0.023889320963851768,0.026956499810881246,-0.023889320963851768,-0.005270841239141434,-0.003127075967501204,-0.014204076695499609,-0.003127075967501204,-0.005638690301379534,-0.005421332466430909,-0.012542345736377492,-0.005421332466430909,0.02972612844587952,0.022637312560380096,0.07371563777244743,0.022637312560380096,0.013648739813706928,0.0012360525286027046,0.04554968807654017,0.0012360525286027046,0.012435631230324845,-0.0014838931862080768,0.0448367308888583,-0.0014838931862080768,0.011787487488165556,0.008360473267853885,0.03001818605315932,0.008360473267853885,0.0027825173824403415,-0.00039308332186932526,0.010110407325870794,-0.00039308332186932526,0.0231725913911089,0.007470464307962152,0.07046848400145786,0.007470464307962152,0.20699481909974787,0.21194664850852712,0.4439011763347102,0.21194664850852712,-0.009634336301344162,-0.008124325405904027,-0.022885107697449558,-0.008124325405904027,-0.0009333020268738543,-0.0018533642584509027,-0.0008542191419866584,-0.0018533642584509027,0.017617668260562297,0.023204696746089493,0.031179875221467063,0.023204696746089493,0.10929363703223954,0.16015153779950314,0.1727286133585878,0.16015153779950314,2.2614606135637207,2.1998794041037795,1.9809560561759063,1.9927741930785836,2.3309125773825152,2.2484018880306964,76.5258087278743,161.61012214060145,104.3329333685576,104.82219947861486,162.8966750311027,68.91727212471567,108.19066715777484,103.3926706975053,89.89262241089615,93.66866243685638,-3.82063397923583,-18.92387450244019,-109.64791729496763,-102.76300387926614,166.61402024429574,6.798374049553631,3.108192107372077,10.202467367765488,7.576537505182895,2.6617564042849784,11.768990896906192,10.747726691398656,4.6458727680042315,8.999202777006076,10.138299471030242,5.296517531436139,8.547957513574252,7.941571864059002,5.264610882531393,9.087797248993702,7.350338827944299,5.2482486205455725,8.529918873114132,
L0116_CfB_TSRE_S-11,-0.2752,-0.04318,1254.7690,653.2189517112392,741.4418201185546,23.6765716126909,809.0131696108217,1495.0733400682284,-0.961184,-2.381139,-2.473277,4.572369,-1.882905,-3.234633,-1.988275,5.160002,5.162492,0.890199,-4.055086,-1.325414,-2.454184,-0.439661,-1.402125,-1.191609,-2.622101,-2.467033,4.568185,-1.954097,-3.120222,-1.91285,5.113194,5.183894,0.959363,-3.847005,-1.4655,-2.542479,-0.366734,-1.433575,.005767,0.00064,0.002545,0.00087,0.003474,0.002976,0.001709,0.00015,0.000417,0.000132,0.00193,-0.011595,0.019277,0.007692,0.0026,38.80909402636523,36.690432537529894,43.551639297136305,31.500757422739866,43.18118464508883,36.158807530856656,0,30.098891379639124,0.9499899255476227,0.03999957581252752,0.40998567766527344,24.880429184061775,0.0,0.8599224282519567,0.48754309541557955,0.727258432724562,0.9143158311591502,0.7422544726052925,0.7898166697726425,1.9910529183411356,8.350767241647604,1.573713315549624,10.16081106795545,0.031306647728755035,0.20821322908932094,0.01900140343089862,0.1265679351238898,0.77437783717103,5.664694400183136,0.8218381073035317,6.150598468229169,0.011531223117652423,-0.013028431510506588,0.057267796070872,-0.013028431510506588,0.007141474211220494,-0.014501587699222579,0.04385167853867289,-0.014501587699222579,-0.005489841615968598,-0.002514586734256384,-0.015902030704597094,-0.002514586734256384,-0.006527150548806107,-0.007084781091921177,-0.013569098465785807,-0.007084781091921177,0.0321588481422867,0.029630837214851602,0.07373021668279146,0.029630837214851602,0.017283873221591,0.0076224497474153,0.05044857926083311,0.0076224497474153,0.019127093555915964,0.0005832123141911033,0.06606331900248805,0.0005832123141911033,0.012481553337806359,0.009479910291208399,0.031249851029503808,0.009479910291208399,0.004654491779976372,0.0008796914910718101,0.015114578548615174,0.0008796914910718101,0.02723948497676243,0.009986292396409788,0.08214896167893593,0.009986292396409788,0.1930862559481255,0.22132120540947847,0.38610012693373286,0.22132120540947847,-0.0061756942663532925,-0.008096489381476807,-0.011022538878310985,-0.008096489381476807,-0.0056637904580956674,-0.005024448278856036,-0.013238316654250452,-0.005024448278856036,0.031026127456624773,0.03558601520816636,0.06201071548251051,0.03558601520816636,0.11495094267911982,0.15019533509603564,0.20582984696740103,0.15019533509603564,2.3492293408264766,2.183061269502072,2.0018985618657106,2.0326587277996278,2.340245723294885,2.1995668702951496,74.0524520141945,128.38534104432645,105.09671257667833,108.48919164385406,172.63611902997553,66.06904316551082,102.25707551355596,99.45285344672631,129.077200670265,86.42504942920857,-4.693461301684013,-170.77337761346064,106.86864034601484,-101.23868601949798,124.63739374109743,6.77946200967179,2.1876512496797913,10.771593274113405,8.022048338544483,2.7718380410503816,9.87330072518439,9.959888828950223,5.1116056265844545,8.568782775163378,9.977894892529632,5.133419770608841,7.922103724401216,7.017887139348969,4.797499606764884,7.755183036765835,7.493075131978913,4.958173980741863,8.142013422436538,
L0116_CfB_TSRE_S-12,-0.28139,-0.04171,1224.7225,664.3390680509305,745.6084973502636,23.993990589431334,782.6916482246678,1486.717974618185,-1.498711,-2.37132,-2.40028,4.641076,-1.549682,-2.998031,-1.817684,5.125251,5.159516,0.888782,-4.103965,-1.319418,-2.481052,-0.350622,-1.320069,-1.729474,-2.597602,-2.394478,4.636785,-1.621966,-2.883575,-1.742528,5.078501,5.182446,0.962843,-3.893789,-1.464549,-2.567768,-0.278814,-1.351638,.229557,0.01441,0.005416,0.002434,0.010143,0.035041,0.102619,0.0085,0.00715,0.000294,0.042283,-0.00103,0.004806,0.000805,0.01378,41.64976311991907,38.280875778122684,43.976472691322634,34.384467047391645,51.0653953063953,40.70882939267626,0,27.08002065027376,0.11999872743759471,0.059999363718797355,0.0,42.490732959436684,0.0,0.882704761461051,0.41804300223630264,0.7070443533358182,0.8840150950428625,0.7665393216548639,0.8077129146477824,1.988355412774562,8.328958941102723,1.5709119271726921,10.197021429318134,0.029960022040856554,0.1993494619282397,0.01827635410356221,0.12168550114496123,0.7514574092224827,5.455559413670638,0.7642374319253081,5.611716045096146,-0.0016995531419078669,-0.026284666324864092,0.02762783985034857,-0.026284666324864092,0.0010158575192495412,-0.024150676371817337,0.03426831553831779,-0.024150676371817337,-0.004729798987392467,-0.0021053654346880474,-0.013619851418111452,-0.0021053654346880474,-0.005319747933071758,-0.005303719793562922,-0.011578627874491234,-0.005303719793562922,0.02606694228223866,0.020560112159234978,0.06365109048816997,0.020560112159234978,0.010400019433823321,0.0017773455796011028,0.03358105081471184,0.0017773455796011028,0.0148300303073262,-0.0005644483557105534,0.051833139080515414,-0.0005644483557105534,0.010825173998312038,0.007704334934980829,0.027495664793526657,0.007704334934980829,0.0028415115302627553,-0.0005400203536931741,0.010481685149488487,-0.0005400203536931741,0.014502717317117206,-0.003303063674753595,0.05419388989460508,-0.003303063674753595,0.19572899576495484,0.2055209877577801,0.4127854984247063,0.2055209877577801,-0.011597237629352834,-0.007531528052181845,-0.030376853790886418,-0.007531528052181845,-0.004184626964992548,-0.004415469569377883,-0.00879784867386361,-0.004415469569377883,0.03923229514750363,0.04682026422485614,0.07557318023571105,0.04682026422485614,0.11240130402882509,0.14897462078580087,0.19762120003543426,0.14897462078580087,2.27662926858986,2.345285098085092,1.9648986289628279,2.0433315098877127,2.3049311302726596,2.230333170178841,73.33238698166315,134.2347852652147,123.43476495182571,92.6931257522913,159.76048637595304,67.58691499688248,114.07661775902622,100.329770857417,107.32239890624645,83.14373800583277,-8.295649747733295,87.57742500297024,-55.285694750189954,-86.12209952398987,143.0657727169395,6.794565839299148,1.9515424479587993,11.403874276296149,8.41780568146385,2.599406943162341,9.821998265044341,8.430410591962827,3.9595351930538776,8.705456736548214,10.232621927806521,3.8258729124921738,7.905179020911124,6.912674398940303,3.911356713982485,8.19489481790096,8.356914242967255,3.682125453164943,7.745997777578788,
L0116_CfB_TSRE_S-2,-0.29815,-0.04635,1196.5664,681.3442568139558,750.3773818693342,23.37067575407856,831.9614608920781,1533.1606249228566,-1.217665,-2.504028,-2.550359,4.580512,-1.89114,-3.234142,-1.480454,5.144406,5.157982,0.90539,-4.015033,-1.112324,-2.320235,-0.662858,-1.414463,-1.463691,-2.742663,-2.54264,4.577287,-1.962022,-3.120927,-1.406602,5.097628,5.180423,0.972797,-3.799892,-1.25026,-2.407636,-0.602039,-1.438768,.008973,0.000716,0.000253,0.000225,0.001473,0.001849,0.005332,0.000425,0.000324,4e-06,0.001094,-0.014262,0.001124,0.000362,0.00129,41.99483063955327,36.24812899495636,43.204075081073206,32.27368610836202,41.97481305312475,39.74449014495307,52.28331782845503,26.254336878617277,0.0,0.0,0.18999336282049065,53.020914603655754,1.9799953699095352,0.8482691949310474,0.35152464591874766,0.7651823984345881,0.8384038389862095,0.7760144893775625,0.792169446515095,1.998418439282288,8.213720082462538,1.61007954512536,9.99278633268627,0.02072207964795975,0.1378478009928833,0.02707010521561754,0.18020095015105808,0.7983074085578488,5.897078250473562,0.7349415268727663,5.335826942234289,-0.0031230054926504602,0.002975908132857863,-0.015594177056852215,0.002975908132857863,-0.005587680491347419,-0.01267136505357544,-0.0026153806537858974,-0.01267136505357544,-0.0040014617413674375,-0.002901321212881086,-0.010546416425640808,-0.002901321212881086,-0.004822851144452342,-0.004324664735042422,-0.01154819892967878,-0.004324664735042422,0.026591038084903706,0.02285709474914388,0.06505864303651183,0.02285709474914388,0.005863421334439595,-0.000974706089210603,0.022796946845260405,-0.000974706089210603,0.008315792468041053,-0.0011475099164958424,0.032001744024900115,-0.0011475099164958424,0.010717614847686123,0.008930034676308408,0.02661920134524445,0.008930034676308408,0.0012135034038230352,-0.002081455564127102,0.007359273127982313,-0.002081455564127102,0.01746126161435512,0.01135563466850402,0.04785514127391469,0.01135563466850402,0.18782782341418686,0.15523805116231415,0.46827897614884095,0.15523805116231415,-0.009868319666481874,-0.008709402689810165,-0.02382552716533031,-0.008709402689810165,0.011204320331072652,0.01064023328209613,0.025994852532126834,0.01064023328209613,0.015308274235163857,0.022952659384203128,0.023692413536818283,0.022952659384203128,0.14410189727327316,0.14421759199808218,0.32397078061419554,0.14421759199808218,2.1979695305212945,2.2177765199631816,2.00455302958041,2.003412746315646,2.3748932130308513,2.309387029516707,77.20094550218462,94.67169950021234,131.66596814902252,97.09619653745793,147.93872331244432,70.36731832670479,173.51695012062223,103.29474214644311,88.62649531022859,89.07055511043565,7.0298708958137714,-140.94569335500358,69.50094841689652,-98.4823996272747,97.39389112860559,6.783662492605709,1.9451970000805945,12.161904577085544,10.046240084975118,2.4192506808444523,9.710555904815124,10.862960316114636,4.0305435566110575,8.415402282992211,11.032783894858342,3.8989962921755077,8.608531336584782,8.443254921279545,5.343157933446431,9.240946138811811,10.268011074005821,3.77018439804551,8.65137402931977,
L0116_CfB_TSRE_S-3,-0.29926,-0.04621,918.1808,657.4415781327447,745.7746338750761,24.138697884784364,776.3018247001758,1476.3032521658333,-1.241818,-2.356565,-2.436743,4.611049,-1.764649,-3.020799,-1.839786,5.142638,5.149794,0.861322,-4.060036,-1.238496,-2.583705,-0.591044,-1.398915,-1.48929,-2.593575,-2.429703,4.606614,-1.836598,-2.908142,-1.766522,5.095809,5.171685,0.932236,-3.843003,-1.379754,-2.668721,-0.522844,-1.42639,.004458,0.014023,0.067245,0.031576,0.123791,0.089934,0.008074,0.000762,0.000582,7.2e-05,0.002341,-0.011865,0.025462,0.020253,0.06152,45.36650927747552,39.90758185383191,48.44697523433972,38.419616857577125,44.52678438637818,41.964221752603116,0,28.89587147771146,0.0,0.0,0.0,36.21062462841144,0.0,0.8920226891539321,0.442094903093552,0.7619793607901603,0.9066227171077152,0.8288354919865821,0.8269136693999255,1.9882864557580597,8.29882268848233,1.574063348289651,10.152944419913503,0.04201756097761342,0.2795870876004139,0.044489883140151516,0.29618107643422903,0.7909770349143929,5.829542303205728,0.7433877289616738,5.409917033264935,0.0030412744904744216,0.002720029751112879,0.00725981280479596,0.002720029751112879,-0.0011513051023040455,-0.01606877486189831,0.018146818411386684,-0.01606877486189831,-0.004553130416296403,-0.002999514348908834,-0.012359119534462051,-0.002999514348908834,-0.005431813321820744,-0.005746389007550506,-0.011732025106938389,-0.005746389007550506,0.02645377350716499,0.021627427427516166,0.06597102690379658,0.021627427427516166,0.006328975148944316,-0.0010185439892926307,0.024387580382717742,-0.0010185439892926307,0.011467669826552132,-0.0001108168193703074,0.04177843690667278,-0.0001108168193703074,0.010847947930827134,0.008900068194626028,0.02700941662310121,0.008900068194626028,0.0012982839905454485,-0.0021819052449577325,0.007743921285503901,-0.0021819052449577325,0.02027861906153499,0.011363416246286395,0.05781760199661927,0.011363416246286395,0.18593054159753875,0.1579786195414486,0.45538309008727074,0.1579786195414486,-0.007999696928404073,-0.0029246726626818882,-0.024973186678312147,-0.0029246726626818882,0.004241423972142458,0.0028197192104665175,0.011477516282556392,0.0028197192104665175,0.02131484034827938,0.02503218457934464,0.04258759763152067,0.02503218457934464,0.12146275173816196,0.13747116519595212,0.24987562308289885,0.13747116519595212,2.1772964232276686,2.251941587386316,1.9800487930099095,2.03692323142037,2.3406001761941315,2.299973699067013,77.10657783523642,109.55721572476516,109.88706596431345,92.81466154402229,162.54324397020562,69.84198477262842,158.95787250146478,107.76511858666825,91.06720250162603,87.65046218432823,6.326011368813983,-73.18310304133128,175.7585887692864,-89.83136085301832,112.57630435976105,6.7855885096868915,1.9424901397636551,11.058241576978023,7.992184624438899,2.6020877768631365,9.97782780638629,9.704111481026475,4.0220244950554,8.40848683130381,10.300153736004795,4.051940210717657,7.827032611219286,7.910583457342346,4.85631722353161,7.7547912428292864,7.640923986160329,4.368792460265601,8.411467512475554,
L0116_CfB_TSRE_S-5,-0.29446,-0.04411,1072.8449,659.0393021852474,741.8992384767436,24.083318384053406,780.5417183643962,1479.771227468827,-1.118748,-2.281406,-2.407255,4.607251,-1.705625,-3.133679,-1.831154,5.139266,5.160175,0.852219,-3.908963,-1.169719,-2.31293,-0.781474,-1.360598,-1.365583,-2.513572,-2.400836,4.60223,-1.77734,-3.020699,-1.757592,5.092523,5.182379,0.93258,-3.689778,-1.312199,-2.396323,-0.713053,-1.390622,.005501,0.006016,0.055698,0.014429,0.112092,0.058544,0.004613,0.000917,0.00044,4.4e-05,0.00519,-0.00054,0.160223,0.009053,0.06068,42.641536136373276,40.756431388615006,48.55198842850353,33.16116030363701,51.205120566430246,40.199020382470316,0,29.779257477187862,0.01999978790626983,0.0,0.0,32.88056718536781,0.0,0.88258828736489,0.44741776928811033,0.7283591129332836,0.9118931699590012,0.7697831252329482,0.8144975307491614,1.9710713676081415,8.30062254556993,1.5473149068015934,10.311341118244764,0.08850058087272854,0.5896152342156822,0.08222909787832118,0.5478357355117336,0.7660898228288676,5.591017959763339,0.7750935522117285,5.696722117464863,0.003498665607722079,0.011612120768029949,-0.002972777855491035,0.011612120768029949,-0.002558723717319411,-0.019073405153116285,0.01607121398914739,-0.019073405153116285,-0.003922165306642175,-0.0018582019907451286,-0.011324351281189,-0.0018582019907451286,-0.006008735438393836,-0.006381110004602494,-0.01270680302775815,-0.006381110004602494,0.02666442024656973,0.02180800328811594,0.06493661082096847,0.02180800328811594,0.007413434279707476,0.00013683501028541323,0.025837887186934676,0.00013683501028541323,0.011138801940010504,0.0005463087009367484,0.03837434020857224,0.0005463087009367484,0.011694993142917935,0.010545346234207935,0.02719351710293389,0.010545346234207935,0.001886025053227658,-0.001037974625327509,0.007982326767576334,-0.001037974625327509,0.0198805162021604,0.014786922887689624,0.050349877361719135,0.014786922887689624,0.18472974352937832,0.1635056451770187,0.43356383898717243,0.1635056451770187,-0.009937672260628805,-0.008512759680726397,-0.02369577147114504,-0.008512759680726397,0.004008319790734675,0.005076784616252716,0.007399409074226054,0.005076784616252716,0.020047944819080163,0.023516431085298786,0.03947209005801887,0.023516431085298786,0.13434662587976093,0.13533487162843974,0.29374284531913586,0.13533487162843974,2.159815407158677,2.276422987254346,1.9726067619776628,2.046341790146504,2.325180218606721,2.3171471746309082,77.07618554411232,103.72335031726861,105.47086820190708,94.96886989533485,165.3556006388557,70.38994272850059,154.60429817171638,107.07335480413754,101.26916793937563,86.22975615759455,-6.853290719353346,-72.75870082621299,-170.88141719479452,-88.99646132989417,97.97358047040028,6.906822818614664,1.9876862141937592,10.44542001813506,8.230114011360637,2.4345055014939025,10.023296846737823,9.480543959807799,4.154677562333184,8.138579107782295,9.942789160826303,4.477000142664549,8.14993434987116,8.395382976667513,5.8158888926281165,7.701256627140177,7.264201397859862,4.849584368166811,8.07502925804511,
